e_cblp,e_cp,e_cparhdr,e_maxalloc,e_sp,e_lfanew,NumberOfSections,CreationYear,FH_char0,FH_char1,FH_char2,FH_char3,FH_char4,FH_char5,FH_char6,FH_char7,FH_char8,FH_char9,FH_char10,FH_char11,FH_char12,FH_char13,FH_char14,MajorLinkerVersion,MinorLinkerVersion,SizeOfCode,SizeOfInitializedData,SizeOfUninitializedData,AddressOfEntryPoint,BaseOfCode,BaseOfData,ImageBase,SectionAlignment,FileAlignment,MajorOperatingSystemVersion,MinorOperatingSystemVersion,MajorImageVersion,MinorImageVersion,MajorSubsystemVersion,MinorSubsystemVersion,SizeOfImage,SizeOfHeaders,CheckSum,Subsystem,OH_DLLchar0,OH_DLLchar1,OH_DLLchar2,OH_DLLchar3,OH_DLLchar4,OH_DLLchar5,OH_DLLchar6,OH_DLLchar7,OH_DLLchar8,OH_DLLchar9,OH_DLLchar10,SizeOfStackReserve,SizeOfStackCommit,SizeOfHeapReserve,SizeOfHeapCommit,LoaderFlags,sus_sections,non_sus_sections,packer,packer_type,E_text,E_data,filesize,E_file,fileinfo,class
144,3,4,65535,184,240,3,1,1,1,1,1,0,0,0,1,0,0,0,0,0,0,0,6,0,81920,176128,86016,35224,90112,172032,1,1,1,4,0,0,0,4,0,1,1,102504,2,0,0,0,0,0,0,0,0,0,0,0,1048576,4096,1048576,4096,1,1,2,1,UPXv20MarkusLaszloReiser,5.774606267704991,0.0,178600,5.686361799427986,0,1
80,2,4,65535,184,256,4,0,0,1,1,1,0,0,1,1,0,0,0,0,0,0,1,2,25,7680,3584,0,65536,65536,131072,1,1,1,1,0,0,0,3,10,1,1,0,2,0,0,0,0,0,0,0,0,0,0,0,1048576,8192,1048576,4096,1,3,1,0,NoPacker,0.0,0.0,16384,3.189221275861714,0,1
80,2,4,65535,184,256,4,0,0,1,1,1,0,0,1,1,0,0,0,0,0,0,1,2,25,5632,1536,0,4096,4096,12288,1,1,1,1,0,0,0,3,10,1,1,0,2,0,0,0,0,0,0,0,0,0,0,0,1048576,8192,1048576,4096,1,3,1,0,NoPacker,0.0,0.0,12288,2.582398318149124,0,1
144,3,4,65535,184,192,3,1,1,1,1,1,0,0,0,1,0,0,0,0,0,0,0,6,0,8192,8192,0,4096,4096,12288,1,1,1,4,0,0,0,4,0,1,1,0,3,0,0,0,0,0,0,0,0,0,0,0,1048576,4096,1048576,4096,1,0,3,0,NoPacker,4.905981120207024,0.0,16384,3.004337385619264,0,1
80,2,4,65535,184,256,4,0,0,1,1,1,0,0,1,1,0,0,0,0,0,0,1,2,25,3584,3584,0,65536,65536,131072,1,1,1,1,0,0,0,3,10,1,1,0,2,0,0,0,0,0,0,0,0,0,0,0,1048576,8192,1048576,4096,1,3,1,0,NoPacker,0.0,0.0,12288,3.3453968151233733,0,1
80,2,4,65535,184,256,8,1,1,1,1,1,0,0,1,1,0,0,0,0,0,0,1,2,25,8704,3584,0,12516,4096,16384,1,1,1,4,0,0,0,4,0,1,1,0,2,0,0,0,0,0,0,0,0,0,0,0,1048576,16384,1048576,4096,1,4,4,0,NoPacker,0.0,0.0,13312,5.384964478460736,0,1
80,2,4,65535,184,256,4,0,0,1,1,1,0,0,1,1,0,0,0,0,0,0,1,2,25,8192,3584,0,65536,65536,131072,1,1,1,1,0,0,0,3,10,1,1,0,2,0,0,0,0,0,0,0,0,0,0,0,1048576,8192,1048576,4096,1,3,1,0,NoPacker,0.0,0.0,16384,3.27260558179761,0,1
144,3,4,65535,184,208,3,1,1,1,1,1,0,0,0,1,0,0,0,0,0,0,0,7,0,1536,1536,0,13312,4096,8192,0,1,1,5,1,5,1,4,0,1,1,0,3,0,0,0,0,0,0,0,1,0,0,0,262144,4096,1048576,4096,1,0,3,0,NoPacker,4.71843767243336,0.020393135236084953,12288,7.010430890603347,0,1
80,2,4,65535,184,256,4,0,0,1,1,1,0,0,1,1,0,0,0,0,0,0,1,2,25,512,9216,0,136248,65536,131072,1,1,1,1,0,0,0,3,10,1,1,0,2,0,0,0,0,0,0,0,0,0,0,0,1048576,8192,1048576,4096,1,3,1,0,NoPacker,0.0,0.0,12288,4.200816279578849,0,1
80,2,4,65535,184,256,4,0,0,1,1,1,0,0,1,1,0,0,0,0,0,0,1,2,25,9216,3584,0,65536,65536,131072,1,1,1,1,0,0,0,3,10,1,1,0,3,0,0,0,0,0,0,0,0,0,0,0,1048576,8192,1048576,4096,1,3,1,0,NoPacker,0.0,0.0,16384,1.5424966642922067,0,1
80,2,4,65535,184,256,4,0,0,1,1,1,0,0,1,1,0,0,0,0,0,0,1,2,25,7168,3584,0,71724,65536,131072,1,1,1,1,0,0,0,3,10,1,1,0,2,0,0,0,0,0,0,0,0,0,0,0,1048576,8192,1048576,4096,1,3,1,0,NoPacker,0.0,0.0,12288,4.809990699301955,0,1
0,0,0,17744,332,12,2,1,1,1,1,1,0,0,1,1,0,0,0,0,0,0,1,0,0,13312,4608,0,340,4096,12,1,1,1,4,0,0,0,4,0,1,1,0,2,0,0,0,0,0,0,0,0,0,0,0,1048576,16384,1048576,4096,1,2,0,1,FSGv20bartxt,0.0,0.0,10417,7.58820440741709,0,1
144,3,4,65535,184,184,3,1,1,1,1,1,0,0,0,1,0,0,0,0,0,0,0,6,0,4096,4096,24576,35328,28672,32768,1,1,1,4,0,1,0,4,0,0,1,1381254478,2,0,0,0,0,0,0,0,0,0,0,0,1048576,4096,1048576,4096,1,2,1,1,UPXProtectorv10x2,0.0,0.0,12800,6.423144717327561,0,1
80,2,4,65535,184,256,5,0,0,1,1,1,0,0,1,1,0,0,0,0,0,0,1,2,25,512,6144,0,28672,4096,8192,1,1,1,1,0,0,0,3,10,1,1,66521,2,0,0,0,0,0,0,0,0,0,0,0,1048576,262144,1048576,4096,1,4,1,0,NoPacker,0.0,0.0,12292,4.346122671098408,0,1

80,2,4,65535,184,256,5,0,0,1,1,1,0,0,1,1,0,0,0,0,0,0,1,2,25,512,8199,0,8192,4096,8192,1,1,1,1,0,0,0,3,10,1,1,0,2,0,0,0,0,0,0,0,0,0,0,0,1048576,8192,1048576,4096,1,4,1,0,NoPacker,0.0,0.0,10247,3.8886916947611994,0,1
80,2,4,65535,184,256,4,0,0,1,1,1,0,0,1,1,0,0,0,0,0,0,1,2,25,7680,1024,0,4096,4096,12288,1,1,1,1,0,0,0,3,10,1,1,0,2,0,0,0,0,0,0,0,0,0,0,0,1048576,8192,1048576,4096,1,3,1,0,NoPacker,0.0,0.0,12288,3.064614179733796,0,1
80,2,4,65535,184,256,6,0,0,1,1,1,0,0,1,1,0,0,0,0,0,0,1,2,25,512,8192,0,12288,4096,8192,1,1,1,1,0,0,0,3,10,1,1,0,2,0,0,0,0,0,0,0,0,0,0,0,1048576,8192,1048576,4096,1,5,1,0,NoPacker,0.0,0.0,12288,1.4166598127736625,0,1
80,2,4,65535,184,256,5,0,0,1,1,1,0,0,1,1,0,0,0,0,0,0,1,2,25,512,6144,0,24576,4096,8192,1,1,1,1,0,0,0,3,10,1,1,0,2,0,0,0,0,0,0,0,0,0,0,0,1048576,8192,1048576,4096,1,4,1,0,NoPacker,0.0,0.0,10250,2.6284614833514026,0,1
80,2,4,65535,184,256,4,0,0,1,1,1,0,0,1,1,0,0,0,0,0,0,1,2,25,512,7680,0,8192,4096,8192,1,1,1,1,0,0,0,3,10,1,1,0,2,0,0,0,0,0,0,0,0,0,0,0,1048576,8192,1048576,4096,1,3,1,0,NoPacker,0.0,0.0,12288,3.313807387300766,0,1
80,2,4,65535,184,256,4,0,0,1,1,1,0,0,1,1,0,0,0,0,0,0,1,2,25,3584,3584,0,65536,65536,131072,1,1,1,1,0,0,0,3,10,1,1,0,2,0,0,0,0,0,0,0,0,0,0,0,1048576,8192,1048576,4096,1,3,1,0,NoPacker,0.0,0.0,12288,2.9801681489688425,0,1
80,2,4,65535,184,256,3,1,1,1,1,1,0,0,1,1,0,0,0,0,1,0,1,2,25,8192,4096,679936,691120,684032,692224,0,1,1,1,0,0,0,3,10,1,1,0,2,0,0,0,0,0,0,0,0,0,0,0,0,0,1048576,4096,1,3,0,0,NoPacker,0.0,0.0,9728,7.007036456327499,0,1
144,3,4,65535,184,184,3,1,1,1,1,1,0,0,0,1,0,0,0,0,0,0,0,6,0,4096,4096,16384,4212,20480,24576,1,1,1,4,0,1,0,4,0,1,1,0,2,0,0,0,0,0,0,0,0,0,0,0,1048576,4096,1048576,4096,1,2,1,0,NoPacker,0.0,0.0,16384,1.9612095426437075,0,1
0,0,0,17744,332,12,2,1,1,1,1,1,0,0,0,1,0,0,0,0,0,0,0,0,0,12288,12288,0,340,4096,12,1,1,1,4,0,0,0,4,0,1,1,0,2,0,0,0,0,0,0,0,0,0,0,0,1048576,4096,1048576,4096,1,2,0,1,FSGv20bartxt,0.0,0.0,10800,7.10074357190069,0,1
80,2,4,65535,184,256,2,0,0,1,1,1,0,0,1,1,0,0,0,0,0,0,1,2,25,8704,0,0,4096,4096,16384,1,1,1,1,0,0,0,3,10,1,1,0,3,0,0,0,0,0,0,0,0,0,0,0,1048576,8192,1048576,4096,1,2,0,0,NoPacker,0.0,0.0,12288,0.41064627462643466,0,1
80,2,4,65535,184,256,4,0,0,1,1,1,0,0,1,1,0,0,0,0,0,0,1,2,25,5632,3584,0,65536,65536,131072,1,1,1,1,0,0,0,3,10,1,1,0,2,0,0,0,0,0,0,0,0,0,0,0,1048576,8192,1048576,4096,1,3,1,0,NoPacker,0.0,0.0,12288,4.437119789124041,0,1
80,2,4,65535,184,256,3,0,1,1,1,1,0,0,1,1,1,0,0,0,0,0,1,2,25,0,16384,24576,29024,4096,28672,1,1,1,1,0,16,0,3,10,1,1,40257,2,0,0,0,0,0,0,0,0,0,0,0,1048576,8192,1048576,4096,1,3,0,1,nSpackV2xLiuXingPing,0.0,0.0,14452,7.6860906727330125,0,1
80,2,4,65535,184,256,4,0,0,1,1,1,0,0,1,1,0,0,0,0,0,0,1,2,25,6656,2048,0,4096,4096,12288,1,1,1,1,0,0,0,3,10,1,1,0,2,0,0,0,0,0,0,0,0,0,0,0,1048576,8192,1048576,4096,1,3,1,0,NoPacker,0.0,0.0,12288,4.086367508295549,0,1
80,2,4,65535,184,256,4,0,0,1,1,1,0,0,1,1,0,0,0,0,0,0,1,2,25,2048,2048,0,262656,65536,131072,1,1,1,1,0,0,0,3,10,0,1,0,3,0,0,0,0,0,0,0,0,0,0,0,1048576,8192,1048576,4096,1,3,1,0,NoPacker,0.0,0.0,12800,5.088767667808352,0,1
80,2,4,65535,184,256,3,1,1,1,1,1,0,0,1,1,0,0,0,0,0,0,1,2,25,12288,4096,40960,54640,45056,57344,1,1,1,4,0,0,0,4,0,1,1,0,2,0,0,0,0,0,0,0,0,0,0,0,1048576,16384,1048576,4096,1,2,1,1,UPX290LZMAMarkusOberhumerLaszloMolnarJohnReiser,0.0,0.0,11776,7.362219322004225,0,1
80,2,4,65535,184,256,5,0,0,1,1,1,0,0,1,1,0,0,0,0,0,0,1,2,25,512,8704,0,196608,65536,131072,1,1,1,1,0,0,0,3,10,1,1,0,2,0,0,0,0,0,0,0,0,0,0,0,1048576,8192,1048576,4096,1,4,1,0,NoPacker,0.0,0.0,12288,3.773905201269691,0,1
80,2,4,65535,184,256,5,1,0,1,1,1,0,0,1,1,0,0,0,0,0,0,1,2,25,512,6144,0,24576,4096,8192,1,1,1,1,0,0,0,3,10,1,1,0,2,0,0,0,0,0,0,0,0,0,0,0,1048576,8192,1048576,4096,1,4,1,0,NoPacker,0.0,0.0,10496,3.2546559492076876,0,1
80,2,4,65535,184,256,4,0,0,1,1,1,0,0,1,1,0,0,0,0,0,0,1,2,25,8704,3584,0,65536,65536,131072,1,1,1,1,0,0,0,3,10,1,1,0,2,0,0,0,0,0,0,0,0,0,0,0,1048576,8192,1048576,4096,1,3,1,0,NoPacker,0.0,0.0,16384,2.811769389425991,0,1
80,2,4,65535,184,256,4,0,0,1,1,1,0,0,1,1,0,0,0,0,0,0,1,2,25,5632,3584,0,65536,65536,131072,1,1,1,1,0,0,0,3,10,1,1,0,2,0,0,0,0,0,0,0,0,0,0,0,1048576,8192,1048576,4096,1,3,1,0,NoPacker,0.0,0.0,12288,4.059985084554018,0,1
80,2,4,65535,184,256,5,0,0,1,1,1,0,0,1,1,0,0,0,0,0,0,1,2,25,512,11473,0,4096,4096,8192,1,1,1,1,0,0,0,3,10,1,1,0,2,0,0,0,0,0,0,0,0,0,0,0,1048576,8192,1048576,4096,1,4,1,0,NoPacker,0.0,0.0,13521,4.002108663358522,0,1
144,3,4,65535,184,128,4,1,0,1,1,1,0,0,0,1,0,0,0,0,0,0,0,2,50,512,3584,0,4108,4096,8192,1,1,1,1,0,46,0,4,0,1,1,0,2,0,0,0,0,0,0,0,0,0,0,0,1048576,4096,4194304,4096,1,1,3,0,NoPacker,2.3495736655305763,0.0,16896,6.901159631444844,0,1
144,3,4,65535,184,128,5,1,0,1,1,1,0,0,0,1,0,0,0,0,0,0,0,4,20,8192,7168,0,4744,4096,12288,1,1,1,4,0,1,0,4,0,1,1,50299,2,0,0,0,0,0,0,0,0,0,0,0,1048576,4096,1048576,4096,1,1,4,0,NoPacker,4.949828140353826,0.0,14336,4.689609597077473,0,1
80,2,4,65535,184,256,5,0,0,1,1,1,0,0,1,1,0,0,0,0,0,0,1,2,25,512,8192,0,12288,4096,8192,1,1,1,1,0,0,0,3,10,1,1,0,2,0,0,0,0,0,0,0,0,0,0,0,1048576,8192,1048576,4096,1,5,0,0,NoPacker,0.0,0.0,12288,1.3609183420012099,0,1
80,2,4,65535,184,512,8,1,0,1,1,1,0,0,0,1,1,0,0,0,0,0,0,5,0,4096,4096,0,4096,4096,8192,1,1,1,4,0,0,0,4,0,1,1,0,3,0,0,0,0,0,0,0,0,0,0,0,1048576,8192,1048576,4096,1,1,7,0,NoPacker,5.113512881320245,4.002276654916459,10752,3.9239014229901423,0,1
144,3,4,65535,184,200,3,1,1,1,1,1,0,0,0,1,0,0,0,0,0,0,0,6,0,10240,1024,0,4096,4096,16384,0,1,1,4,0,0,0,4,0,1,1,0,2,0,0,0,0,0,0,0,0,0,0,0,1048576,4096,1048576,4096,1,0,3,0,NoPacker,7.924588319320318,0.0,10752,7.138120092960568,0,1
80,2,4,65535,184,256,3,1,1,1,1,1,0,0,1,1,0,0,0,0,0,0,1,2,25,1024,10240,0,4096,4096,8192,1,1,1,1,0,0,0,3,10,1,1,0,3,0,0,0,0,0,0,0,0,0,0,0,1048576,8192,1048576,4096,1,2,1,0,NoPacker,0.0,0.0,12800,6.150138641451153,0,1
144,3,4,65535,184,128,5,1,0,1,1,1,0,0,0,1,0,0,0,0,0,0,0,4,20,5632,7680,0,4456,4096,12288,1,1,1,4,0,1,0,4,0,1,1,48197,2,0,0,0,0,0,0,0,0,0,0,0,1048576,4096,1048576,4096,1,1,4,0,NoPacker,4.925090437154166,0.0,12288,4.313224685510584,0,1
80,2,4,65535,184,256,3,1,0,1,1,1,0,0,1,1,0,0,0,0,0,0,1,2,25,8704,512,0,4096,4096,16384,1,1,1,1,0,0,0,3,10,1,1,0,2,0,0,0,0,0,0,0,0,0,0,0,1048576,8192,1048576,4096,1,3,0,0,NoPacker,0.0,0.0,12288,2.722474641728603,0,1
80,2,4,65535,184,256,4,1,0,1,1,1,0,0,1,1,0,0,0,0,0,0,1,2,25,512,9216,0,13326,4096,8192,1,1,1,1,0,0,0,3,10,1,1,0,3,0,0,0,0,0,0,0,0,0,0,0,1048576,8192,1048576,4096,1,3,1,0,NoPacker,0.0,0.0,12288,4.194283119111917,0,1
80,2,4,65535,184,256,3,0,0,1,1,1,0,0,1,1,0,0,0,0,0,0,1,2,25,8704,512,0,4096,4096,16384,1,1,1,1,0,0,0,3,10,1,1,0,3,0,0,0,0,0,0,0,0,0,0,0,1048576,8192,1048576,4096,1,3,0,0,NoPacker,0.0,0.0,12288,3.034593864281016,0,1
80,2,4,65535,184,256,4,0,0,1,1,1,0,0,1,1,0,0,0,0,0,0,1,2,25,7168,4096,0,65536,65536,131072,1,1,1,1,0,0,0,3,10,1,1,0,2,0,0,0,0,0,0,0,0,0,0,0,1048576,8192,1048576,4096,1,3,1,0,NoPacker,0.0,0.0,16384,4.149081565366338,0,1
144,3,4,65535,184,128,5,1,0,1,1,1,0,0,0,1,0,0,0,0,0,0,0,4,20,6656,6656,0,4212,4096,12288,1,1,1,4,0,1,0,4,0,1,1,14769,2,0,0,0,0,0,0,0,0,0,0,0,1048576,4096,1048576,4096,1,1,4,0,NoPacker,4.445227293377298,0.0,11264,4.131207597688826,0,1
80,2,4,65535,184,256,4,1,0,1,1,1,0,0,1,1,0,0,0,0,0,0,1,2,25,512,9216,0,136206,65536,131072,1,1,1,1,0,0,0,3,10,1,1,0,2,0,0,0,0,0,0,0,0,0,0,0,1048576,8192,1048576,4096,1,3,1,0,NoPacker,0.0,0.0,12288,4.177854687629735,0,1
80,2,4,65535,184,256,4,0,0,1,1,1,0,0,1,1,0,0,0,0,0,0,1,2,25,1024,4096,0,18432,4096,8192,1,1,1,1,0,0,0,3,10,0,1,0,3,0,0,0,0,0,0,0,0,0,0,0,1048576,8192,1048576,4096,1,3,1,0,NoPacker,0.0,0.0,9728,3.731950392516533,0,1
80,2,4,65535,184,256,4,0,1,1,1,1,0,0,1,1,0,0,0,0,1,0,1,2,25,2560,7168,0,64,4096,8192,0,1,1,1,0,0,0,3,10,1,1,0,2,0,0,0,0,0,0,0,0,0,0,0,0,0,1048576,4096,1,2,2,0,NoPacker,0.0,0.0,12288,2.8605007863977305,0,1
80,2,4,65535,184,256,5,0,0,1,1,1,0,0,1,1,0,0,0,0,0,0,1,2,25,2048,6313,0,4096,4096,8192,1,1,1,1,0,0,0,3,10,1,1,0,2,0,0,0,0,0,0,0,0,0,0,0,1048576,8192,1048576,4096,1,4,1,0,NoPacker,0.0,0.0,9897,3.275762867660372,0,1
144,3,4,65534,184,128,5,1,0,1,1,1,0,0,0,1,0,0,0,0,0,0,0,2,50,1536,5632,0,5480,4096,8192,1,1,1,1,0,0,0,4,0,1,1,34980,2,0,0,0,0,0,0,0,0,0,0,0,1048576,4096,4096,4096,1,1,4,0,NoPacker,5.7394530215707835,0.0,10240,4.292372135248191,0,1
0,0,0,17744,332,12,2,1,1,1,1,1,0,0,0,1,0,0,0,0,0,0,0,0,1,16896,14336,0,54950,4096,12,1,1,1,4,0,0,0,4,0,1,1,0,2,0,0,0,0,0,0,0,0,0,0,0,1048576,4096,1048576,4096,1,2,0,1,FSGv20,0.0,0.0,15733,6.366015569045445,0,1
80,2,4,65535,184,256,4,1,0,1,1,1,0,0,1,1,0,0,0,0,0,0,1,2,25,12288,2048,0,4096,4096,16384,1,1,1,1,0,0,0,3,10,1,1,0,2,0,0,0,0,0,0,0,0,0,0,0,1048576,8192,1048576,4096,1,3,1,0,NoPacker,0.0,0.0,16384,5.111095829091802,0,1
80,2,4,65535,184,256,4,0,0,1,1,1,0,0,1,1,0,0,0,0,0,0,1,2,25,1024,10240,0,65536,65536,131072,1,1,1,1,0,0,0,3,10,1,1,0,2,0,0,0,0,0,0,0,0,0,0,0,1048576,8192,1048576,4096,1,3,1,0,NoPacker,0.0,0.0,16384,2.3343845165763204,0,1

80,2,4,65535,184,256,4,0,0,1,1,1,0,0,1,1,0,0,0,0,0,0,1,2,25,512,5120,0,16904,16384,8192,1,1,1,1,0,0,0,3,10,1,1,0,2,0,0,0,0,0,0,0,0,0,0,0,1048576,8192,1048576,4096,1,3,1,0,NoPacker,0.0,0.0,12416,3.1504402630431154,0,1
80,2,4,65535,184,256,3,0,0,1,1,1,0,0,1,1,0,0,0,0,0,0,1,2,25,6656,1536,0,4096,4096,12288,1,1,1,1,0,0,0,3,10,1,1,0,3,0,0,0,0,0,0,0,0,0,0,0,1048576,8192,1048576,4096,1,3,0,0,NoPacker,0.0,0.0,12288,4.073325072374417,0,1
80,2,4,65535,184,256,5,0,0,1,1,1,0,0,1,1,0,0,0,0,0,0,1,2,25,6144,4109,0,4103,4096,12288,1,1,1,1,0,0,0,3,10,1,1,0,2,0,0,0,0,0,0,0,0,0,0,0,65536,8192,65536,4096,1,4,1,0,NoPacker,0.0,0.0,11789,2.8961194413927047,0,1
80,2,4,65535,184,256,4,0,0,1,1,1,0,0,1,1,0,0,0,0,0,0,1,2,25,5120,3584,0,65536,65536,131072,1,1,1,1,0,0,0,3,10,1,1,0,2,0,0,0,0,0,0,0,0,0,0,0,1048576,8192,1048576,4096,1,3,1,0,NoPacker,0.0,0.0,12288,2.738625613954733,0,1
144,3,4,65535,184,128,5,1,0,1,1,1,0,0,0,1,0,0,0,0,0,0,0,4,20,8192,7680,0,4528,4096,12288,1,1,1,4,0,1,0,4,0,1,1,72333,2,0,0,0,0,0,0,0,0,0,0,0,1048576,4096,1048576,4096,1,1,4,0,NoPacker,5.230855151498454,0.0,14336,4.849152712278255,0,1
144,3,4,65535,184,208,5,1,0,1,1,1,0,0,0,1,0,0,0,0,0,0,0,7,10,5120,2560,0,16389,4096,8192,1,1,1,5,2,5,2,5,2,1,1,53518,1,0,0,0,0,0,0,0,0,0,0,0,262144,4096,1048576,4096,1,2,3,0,NoPacker,6.018258367905048,0.22011671265863686,9780,4.8874480519111705,0,1
80,2,4,65535,184,256,4,0,0,1,1,1,0,0,1,1,0,0,0,0,0,0,1,2,25,146368,1536,0,16896,4096,8192,1,1,1,1,0,0,0,3,10,0,1,0,2,0,0,0,0,0,0,0,0,0,0,0,1048576,8192,1048576,4096,1,3,1,0,NoPacker,0.0,0.0,17920,4.402283651012926,0,1

80,2,4,65535,184,256,4,0,0,1,1,1,0,0,1,1,0,0,0,0,0,0,1,2,25,2048,6144,0,65536,65536,131072,1,1,1,1,0,0,0,3,10,1,1,0,2,0,0,0,0,0,0,0,0,0,0,0,1048576,8192,1048576,4096,1,3,1,0,NoPacker,0.0,0.0,12288,3.1245270463532906,0,1
80,2,4,65535,184,256,4,0,0,1,1,1,0,0,1,1,0,0,0,0,0,0,1,2,25,7168,2048,0,4096,4096,12288,1,1,1,1,0,0,0,3,10,1,1,0,2,0,0,0,0,0,0,0,0,0,0,0,1048576,8192,1048576,4096,1,3,1,0,NoPacker,0.0,0.0,12288,4.231253020590057,0,1
80,2,4,65535,184,256,4,0,0,1,1,1,0,0,1,1,0,0,0,0,0,0,1,2,25,4096,3584,0,65536,65536,131072,1,1,1,1,0,0,0,3,10,1,1,0,2,0,0,0,0,0,0,0,0,0,0,0,1048576,8192,1048576,4096,1,3,1,0,NoPacker,0.0,0.0,12288,3.3748134386510293,0,1
80,2,4,65535,184,256,4,0,0,1,1,1,0,0,1,1,0,0,0,0,0,0,1,2,25,7168,2048,0,4096,4096,12288,1,1,1,1,0,0,0,3,10,1,1,0,2,0,0,0,0,0,0,0,0,0,0,0,1048576,8192,1048576,4096,1,3,1,0,NoPacker,0.0,0.0,12288,4.22001063781143,0,1
80,2,4,65535,184,256,4,0,0,1,1,1,0,0,1,1,0,0,0,0,0,0,1,2,25,8704,4096,0,4096,4096,16384,1,1,1,1,0,0,0,3,10,1,1,0,2,0,0,0,0,0,0,0,0,0,0,0,1048576,8192,1048576,4096,1,3,1,0,NoPacker,0.0,0.0,16384,3.1142175087312975,0,1
80,2,4,65535,184,256,4,0,0,1,1,1,0,0,1,1,0,0,0,0,0,0,1,2,25,8704,1536,0,4096,4096,16384,1,1,1,1,0,0,0,3,10,1,1,0,3,0,0,0,0,0,0,0,0,0,0,0,1048576,8192,1048576,4096,1,3,1,0,NoPacker,0.0,0.0,12288,0.6696007767432188,0,1
80,2,4,65535,184,256,4,0,0,1,1,1,0,0,1,1,0,0,0,0,0,0,1,2,25,512,11264,0,8192,4096,8192,1,1,1,1,0,0,0,3,10,1,1,0,2,0,0,0,0,0,0,0,0,0,0,0,1048576,8192,1048576,4096,1,3,1,0,NoPacker,0.0,0.0,16384,3.8875554439866953,0,1
80,2,4,65535,184,256,5,0,0,1,1,1,0,0,1,1,0,0,0,0,0,0,1,2,25,1536,2048,0,4096,4096,8192,1,1,1,1,0,0,0,3,10,1,1,0,2,0,0,0,0,0,0,0,0,0,0,0,1048576,8192,1048576,4096,1,4,1,0,NoPacker,0.0,0.0,9728,2.349236850050724,0,1
80,2,4,65535,184,256,6,1,0,1,1,1,0,0,1,1,0,0,0,0,1,0,1,2,25,23552,5632,0,27180,4096,28672,0,1,1,1,0,0,0,4,0,1,1,0,2,0,0,0,0,0,0,0,0,0,0,0,0,0,1048576,4096,1,4,2,1,D1S1Gv11betaD1N,0.0,0.0,63916,6.247462696441931,0,1
80,2,4,65535,184,256,4,0,0,1,1,1,0,0,1,1,0,0,0,0,0,0,1,2,25,4827,6144,0,24576,4096,8192,1,1,1,1,0,0,57005,3,10,0,1,0,2,0,0,0,0,0,0,0,0,0,0,0,1048576,8192,1048576,4096,1,3,1,0,NoPacker,0.0,0.0,16144,5.293704481242362,0,1
80,2,4,65535,184,256,4,0,0,1,1,1,0,0,1,1,0,0,0,0,0,0,1,2,25,6144,3584,0,4096,4096,12288,1,1,1,1,0,0,0,3,10,1,1,0,3,0,0,0,0,0,0,0,0,0,0,0,1048576,8192,1048576,4096,1,3,1,0,NoPacker,0.0,0.0,12288,2.837573770636898,0,1
80,2,4,65535,184,256,5,0,0,1,1,1,0,0,1,1,0,0,0,0,0,0,1,2,25,512,14203,0,4096,4096,8192,1,1,1,1,0,0,0,3,10,1,1,0,2,0,0,0,0,0,0,0,0,0,0,0,1048576,8192,1048576,4096,1,4,1,0,NoPacker,0.0,0.0,16251,4.129057965031915,0,1
80,2,4,65535,184,256,4,1,0,1,1,1,0,0,1,1,0,0,0,0,0,0,1,2,25,6656,4096,0,4096,4096,12288,1,1,1,1,0,0,0,3,10,1,1,0,3,0,0,0,0,0,0,0,0,0,0,0,1048576,8192,1048576,4096,1,3,1,1,PENinja,0.0,0.0,12288,4.738057444936973,0,1
144,3,4,65535,184,128,5,1,0,1,1,1,0,0,0,1,0,0,0,0,0,0,0,4,20,6656,7680,0,4524,4096,12288,1,1,1,4,0,1,0,4,0,1,1,22506,2,0,0,0,0,0,0,0,0,0,0,0,1048576,4096,1048576,4096,1,1,4,0,NoPacker,5.190471978306208,0.0,13312,4.691241193821802,0,1
144,3,4,65535,184,184,3,1,1,1,1,1,0,0,0,1,0,0,0,0,0,0,0,6,0,8192,4096,24576,34528,28672,36864,1,1,1,4,0,1,1,4,0,1,1,0,2,0,0,0,0,0,0,0,0,0,0,0,1048576,4096,1048576,4096,1,2,1,1,UPXv20MarkusLaszloReiser,0.0,0.0,10240,6.3906237655291225,0,1
80,2,4,65535,184,256,4,0,0,1,1,1,0,0,1,1,0,0,0,0,0,0,1,2,25,6656,1536,0,65536,65536,131072,1,1,1,1,0,0,0,3,10,1,1,0,3,0,0,0,0,0,0,0,0,0,0,0,1048576,8192,1048576,4096,1,3,1,0,NoPacker,0.0,0.0,12288,3.531003081686548,0,1
144,3,4,65535,184,192,3,1,1,1,1,1,0,0,0,1,0,0,0,0,0,0,0,6,0,8192,8192,32768,44528,36864,45056,1,1,1,4,0,1,0,4,0,1,1,73547,2,0,0,0,0,0,0,0,0,0,0,0,1048576,4096,1048576,4096,1,2,1,1,UPX290LZMAMarkusOberhumerLaszloMolnarJohnReiser,0.0,0.0,15360,6.671231033946393,0,1
80,2,4,65535,184,256,4,0,0,1,1,1,0,0,1,1,0,0,0,0,0,0,1,2,25,1024,13824,0,8192,4096,8192,1,1,1,1,0,0,0,3,10,1,1,0,2,0,0,0,0,0,0,0,0,0,0,0,1048576,8192,1048576,4096,1,3,1,0,NoPacker,0.0,0.0,16384,4.6249045971436145,0,1
80,2,4,65535,184,256,4,0,0,1,1,1,0,0,1,1,0,0,0,0,0,0,1,2,25,2048,16384,0,65536,65536,131072,1,1,1,1,0,0,0,3,10,1,1,0,2,0,0,0,0,0,0,0,0,0,0,0,1048576,8192,1048576,4096,1,3,1,0,NoPacker,0.0,0.0,20480,2.6895683737929628,0,1
80,2,4,65535,184,256,5,0,0,1,1,1,0,0,1,1,0,0,0,0,0,0,1,2,25,4608,1536,0,4096,4096,12288,1,1,1,1,0,0,0,3,10,1,1,0,2,0,0,0,0,0,0,0,0,0,0,0,1048576,8192,1048576,4096,1,4,1,0,NoPacker,0.0,0.0,9728,3.3221940542518875,0,1
144,3,4,65535,184,216,2,1,1,1,1,1,0,0,0,1,0,0,0,0,0,0,0,7,0,1024,1024,0,9216,4096,8192,0,1,1,5,1,5,1,4,0,1,1,0,2,0,0,0,0,0,0,0,1,0,0,0,262144,4096,1048576,4096,1,0,2,0,NoPacker,3.3406088116855788,0.0,10240,7.0696796403812,0,1
80,2,4,65535,184,256,4,1,0,1,1,1,0,0,1,1,0,0,0,0,0,0,1,2,25,5632,3584,0,4096,4096,12288,1,1,1,1,0,0,0,3,10,1,1,0,3,0,0,0,0,0,0,0,0,0,0,0,1048576,8192,1048576,4096,1,3,1,0,NoPacker,0.0,0.0,12288,2.827856247926549,0,1
144,3,4,65535,8481,128,7,1,0,1,1,1,0,0,0,1,0,0,0,0,0,0,0,4,20,4608,7168,0,32768,4096,12288,1,1,1,4,0,0,0,4,0,1,1,33406,3,0,0,0,0,0,0,0,0,0,0,0,1048576,4096,1048576,4096,1,2,5,0,NoPacker,6.302486613414818,5.719257862907603,13806,6.247923080283654,0,1
144,3,4,65535,184,176,3,1,1,1,1,1,0,0,0,1,0,0,0,0,0,0,0,5,12,512,1024,0,12800,4096,8192,1,1,1,4,0,0,0,4,0,1,1,0,2,0,0,0,0,0,0,0,0,0,0,0,1048576,4096,1048576,4096,1,0,3,0,NoPacker,4.037508663672884,7.541354667070687,10240,6.8495481384371555,0,1
144,3,4,65535,184,128,4,1,0,1,1,1,0,0,0,1,0,0,0,0,0,0,0,3,10,512,3072,0,1024,4096,8192,1,1,1,4,0,0,0,4,0,1,0,67044,2,0,0,0,0,0,0,0,0,0,0,0,1048576,4096,1048576,4096,1,1,3,0,NoPacker,0.43110073036576374,0.0,20480,1.0092816864854244,0,1
80,2,4,65535,184,256,5,0,0,1,1,1,0,0,1,1,0,0,0,0,0,0,1,2,25,6656,4096,0,10284,4096,12288,1,1,1,1,0,0,0,3,10,1,1,0,2,0,0,0,0,0,0,0,0,0,0,0,1048576,8192,1048576,4096,1,3,2,0,NoPacker,0.0,0.0,12288,4.365447494464323,0,1
80,2,4,65535,184,256,4,0,0,1,1,1,0,0,1,1,0,0,0,0,0,0,1,2,25,6656,2048,0,4096,4096,12288,1,1,1,1,0,0,0,3,10,1,1,0,2,0,0,0,0,0,0,0,0,0,0,0,1048576,8192,1048576,4096,1,3,1,0,NoPacker,0.0,0.0,12288,4.122257523627299,0,1
80,2,4,65535,184,256,6,0,1,1,1,1,0,0,1,1,0,0,0,0,0,0,1,2,25,3072,1536,0,65648,65536,131072,1,1,1,1,0,0,0,3,10,1,1,0,2,0,0,0,0,0,0,0,0,0,0,0,262144,8192,1048576,4096,1,3,3,0,NoPacker,0.0,0.0,11776,5.0720789432585045,0,1
80,2,4,65535,184,256,4,0,0,1,1,1,0,0,1,1,0,0,0,0,0,0,1,2,25,7168,4096,0,65536,65536,131072,1,1,1,1,0,0,0,3,10,1,1,0,2,0,0,0,0,0,0,0,0,0,0,0,1048576,8192,1048576,4096,1,3,1,0,NoPacker,0.0,0.0,16384,3.718276661770716,0,1
144,3,4,65535,184,176,3,1,1,1,1,1,0,0,0,1,0,0,0,0,0,0,0,5,12,512,1024,0,12800,4096,8192,1,1,1,4,0,0,0,4,0,1,1,0,2,0,0,0,0,0,0,0,0,0,0,0,1048576,4096,1048576,4096,1,0,3,0,NoPacker,3.8108094542423703,7.767628932494829,9728,7.0232252430025035,0,1
80,2,4,65535,184,256,3,0,0,1,1,1,0,0,1,1,0,0,0,0,0,0,1,2,25,1024,6656,0,4096,4096,8192,1,1,1,1,0,0,0,3,10,1,1,0,2,0,0,0,0,0,0,0,0,0,0,0,1048576,8192,1048576,4096,1,3,0,0,NoPacker,0.0,0.0,12288,4.46402109067082,0,1
80,2,4,65535,184,256,4,0,0,1,1,1,0,0,1,1,0,0,0,0,0,0,1,2,25,4096,3584,0,65536,65536,131072,1,1,1,1,0,0,0,3,10,1,1,0,2,0,0,0,0,0,0,0,0,0,0,0,1048576,8192,1048576,4096,1,3,1,0,NoPacker,0.0,0.0,12288,3.377859858476205,0,1
80,2,4,65535,184,256,4,0,0,1,1,1,0,0,1,1,0,0,0,0,0,0,1,2,25,6144,3584,0,65536,65536,131072,1,1,1,1,0,0,0,3,10,1,1,0,2,0,0,0,0,0,0,0,0,0,0,0,1048576,8192,1048576,4096,1,3,1,0,NoPacker,0.0,0.0,12288,4.572450945400385,0,1
80,2,4,65535,184,256,8,1,0,1,1,1,0,0,1,1,0,0,0,0,0,0,1,2,25,8704,3584,0,40960,4096,16384,1,1,1,1,0,0,0,4,0,0,1,0,3,0,0,0,0,0,0,0,0,0,0,0,1048576,16384,1048576,4096,1,4,4,0,NoPacker,0.0,0.0,14222,5.716932904476592,0,1
144,3,4,65535,184,208,2,1,1,1,1,1,0,0,0,1,0,0,0,0,0,0,0,7,0,5632,1536,0,16384,4096,12288,0,1,1,5,1,5,1,4,0,1,1,0,2,0,0,0,0,0,0,0,1,0,0,0,262144,4096,1048576,4096,1,0,2,0,NoPacker,4.844108519011141,0.0,18944,6.0559594632409315,0,1
128,1,4,65535,320,128,3,1,1,1,1,1,0,0,1,1,0,0,0,0,0,0,1,1,56,0,0,0,16384,0,0,1,1,1,1,0,0,0,4,0,1,1,72096,2,0,0,0,0,0,0,0,0,0,0,0,4096,4096,65536,0,1,0,3,0,NoPacker,3.7932463561207515,0.06741515714393559,14336,1.0743132609431387,0,1
80,2,4,65535,184,256,4,0,0,1,1,1,0,0,1,1,0,0,0,0,0,0,1,2,25,9728,3584,0,4096,4096,16384,1,1,1,1,0,0,0,3,10,1,1,0,2,0,0,0,0,0,0,0,0,0,0,0,1048576,8192,1048576,4096,1,3,1,0,NoPacker,0.0,0.0,16384,3.015469317234363,0,1
80,2,4,65535,184,256,3,1,1,1,1,1,0,0,1,1,0,0,0,0,0,0,1,2,25,16384,4096,49152,68080,53248,69632,1,1,1,4,0,0,0,4,0,1,1,0,2,0,0,0,0,0,0,0,0,0,0,0,1048576,16384,1048576,4096,1,2,1,1,UPX290LZMAMarkusOberhumerLaszloMolnarJohnReiser,0.0,0.0,16896,7.605177217135778,0,1
80,2,4,65535,184,256,5,0,0,1,1,1,0,0,1,1,0,0,0,0,0,0,1,2,25,512,13361,0,4096,4096,8192,1,1,1,1,0,0,0,3,10,1,1,0,2,0,0,0,0,0,0,0,0,0,0,0,1048576,8192,1048576,4096,1,4,1,0,NoPacker,0.0,0.0,15409,4.184850084464938,0,1
80,2,4,65535,184,256,2,0,0,1,1,1,0,0,1,1,0,0,0,0,0,0,1,2,25,8704,0,0,4096,4096,16384,1,1,1,1,0,0,0,3,10,1,1,0,2,0,0,0,0,0,0,0,0,0,0,0,1048576,8192,1048576,4096,1,2,0,0,NoPacker,0.0,0.0,12288,0.4270881841549332,0,1
80,2,4,65535,184,256,4,0,0,1,1,1,0,0,1,1,0,0,0,0,0,0,1,2,25,8192,1536,0,4096,4096,12288,1,1,1,1,0,0,0,3,10,1,1,0,2,0,0,0,0,0,0,0,0,0,0,0,1048576,8192,1048576,4096,1,3,1,0,NoPacker,0.0,0.0,12288,4.130583013850987,0,1
144,3,4,65535,184,128,5,1,0,1,1,1,0,0,0,1,0,0,0,0,0,0,0,4,20,6144,7168,0,4216,4096,12288,1,1,1,4,0,1,0,4,0,1,1,52372,2,0,0,0,0,0,0,0,0,0,0,0,1048576,4096,1048576,4096,1,1,4,0,NoPacker,4.743831426382065,0.0,11264,4.2123446837065615,0,1
144,3,4,65535,184,128,5,1,0,1,1,1,0,0,0,1,0,0,0,0,0,0,0,4,20,5632,6656,0,4464,4096,12288,1,1,1,4,0,1,0,4,0,1,1,44058,2,0,0,0,0,0,0,0,0,0,0,0,1048576,4096,1048576,4096,1,1,4,0,NoPacker,4.768815370000625,0.0,11264,4.284600696269266,0,1
80,2,4,65535,184,512,5,1,0,1,1,1,0,0,0,1,1,0,0,0,0,0,0,5,0,4096,16384,0,8200,4096,8192,1,1,1,4,0,0,0,4,0,1,1,0,2,0,0,0,0,0,0,0,0,0,0,0,1048576,10000,1048576,4096,1,1,4,0,NoPacker,0.2985339913766767,6.359043262434834,19456,5.666075322468783,0,1
0,0,0,17744,332,12,2,1,1,1,1,1,0,0,0,1,0,0,0,0,0,0,0,0,0,12288,12288,0,340,4096,12,1,1,1,4,0,0,0,4,0,1,1,0,2,0,0,0,0,0,0,0,0,0,0,0,1048576,4096,1048576,4096,1,2,0,1,FSGv20bartxt,0.0,0.0,10800,7.109355210529827,0,1
80,2,4,65535,184,256,4,0,0,1,1,1,0,0,1,1,0,0,0,0,0,0,1,2,25,6656,2048,0,4096,4096,12288,1,1,1,1,0,0,0,3,10,1,1,0,2,0,0,0,0,0,0,0,0,0,0,0,1048576,8192,1048576,4096,1,3,1,0,NoPacker,0.0,0.0,12288,4.050249776742227,0,1
80,2,4,65535,184,256,3,0,1,1,1,1,0,0,1,1,0,0,0,0,0,0,1,2,25,9216,1024,0,4096,4096,16384,1,1,1,1,0,0,0,3,10,1,1,0,3,0,0,0,0,0,0,0,0,0,0,0,1048576,8192,1048576,4096,1,2,1,0,NoPacker,0.0,0.0,12288,5.569191250845694,0,1

144,3,4,65535,184,200,4,1,1,1,1,1,0,0,0,1,0,0,0,0,0,0,0,5,12,8704,12288,0,4096,4096,16384,1,1,1,4,0,4,0,4,0,1,1,76407,2,0,0,0,0,0,0,0,0,0,0,0,1048576,4096,1048576,4096,1,0,4,0,NoPacker,5.314305471648133,4.153635847834056,15872,4.885845669385119,0,1
80,2,4,65535,184,256,4,0,0,1,1,1,0,0,1,1,0,0,0,0,0,0,1,2,25,7680,3584,0,65536,65536,131072,1,1,1,1,0,0,0,3,10,1,1,0,2,0,0,0,0,0,0,0,0,0,0,0,1048576,8192,1048576,4096,1,3,1,0,NoPacker,0.0,0.0,16384,3.1875864461707963,0,1
80,2,4,65535,184,256,4,0,0,1,1,1,0,0,1,1,0,0,0,0,0,0,1,2,25,12288,1536,0,4104,4096,16384,1,1,1,1,0,0,0,3,10,1,1,0,2,0,0,0,0,0,0,0,0,0,0,0,1048576,8192,1048576,4096,1,3,1,0,NoPacker,0.0,0.0,16384,1.6243813171077854,0,1
80,2,4,65535,184,256,4,1,0,1,1,1,0,0,1,1,0,0,0,0,0,0,1,2,25,12800,1536,0,4096,4096,20480,1,1,1,1,0,0,0,3,10,1,1,0,2,0,0,0,0,0,0,0,0,0,0,0,1048576,8192,1048576,4096,1,3,1,0,NoPacker,0.0,0.0,16384,2.332337288087254,0,1
80,2,4,65535,184,256,5,0,0,1,1,1,0,0,1,1,0,0,0,0,0,0,1,2,25,1024,9216,0,4096,4096,8192,1,1,1,1,0,0,0,3,10,1,1,0,2,0,0,0,0,0,0,0,0,0,0,0,1048576,8192,1048576,4096,1,3,2,0,NoPacker,0.0,0.0,12288,3.0607071088043787,0,1
80,2,4,65535,184,256,3,0,0,1,1,1,0,0,1,1,0,0,0,0,0,0,1,2,25,8704,1024,0,4096,4096,16384,1,1,1,1,0,0,0,3,10,1,1,0,3,0,0,0,0,0,0,0,0,0,0,0,1048576,8192,1048576,4096,1,3,0,0,NoPacker,0.0,0.0,12288,0.5549124739581196,0,1
80,2,4,65535,184,256,5,1,0,1,1,1,0,0,1,1,0,0,0,0,0,0,1,2,25,1024,2560,0,4096,4096,8192,1,1,1,1,0,0,0,3,10,1,1,0,2,0,0,0,0,0,0,0,0,0,0,0,1048576,8192,1048576,4096,1,4,1,0,NoPacker,0.0,0.0,9728,1.524825421003514,0,1
80,2,4,65535,184,256,4,0,0,1,1,1,0,0,1,1,0,0,0,0,0,0,1,2,25,6656,1024,0,4096,4096,12288,1,1,1,1,0,0,0,3,10,1,1,0,3,0,0,0,0,0,0,0,0,0,0,0,131072,8192,131072,4096,1,3,1,0,NoPacker,0.0,0.0,12288,4.194544586421921,0,1
80,2,4,65535,184,256,4,0,0,1,1,1,0,0,1,1,0,0,0,0,0,0,1,2,25,512,7680,0,4096,4096,8192,1,1,1,1,0,0,0,3,10,1,1,0,2,0,0,0,0,0,0,0,0,0,0,0,1048576,8192,1048576,4096,1,3,1,0,NoPacker,0.0,0.0,12288,4.149518821749135,0,1
80,2,4,65535,184,256,4,0,0,1,1,1,0,0,1,1,0,0,0,0,0,0,1,2,25,512,1536,0,24196,4096,8192,1,1,1,1,0,0,0,3,10,1,1,0,2,0,0,0,0,0,0,0,0,0,0,0,1048576,8192,1048576,4096,1,3,1,0,NoPacker,0.0,0.0,12334,5.761656781475137,0,1
80,2,4,65535,184,256,8,1,0,1,1,1,0,0,1,1,0,0,0,0,0,0,1,2,25,12288,4096,0,15956,4096,16384,1,1,1,1,0,0,0,4,0,1,1,0,3,0,0,0,0,0,0,0,0,0,0,0,1048576,16384,1048576,4096,1,4,4,1,D1S1Gv11betaD1N,0.0,0.0,17408,6.040636371883348,0,1
80,2,4,65535,184,256,7,0,0,1,1,1,0,0,1,1,0,0,0,0,0,0,1,2,25,512,9728,0,262144,131072,196608,1,1,1,1,0,0,0,3,10,1,1,0,2,0,0,0,0,0,0,0,0,0,0,0,1048576,8192,1048576,4096,1,5,2,0,NoPacker,0.0,0.0,16384,1.8023051813108455,0,1
144,3,4,65535,184,128,3,1,1,1,1,1,0,0,0,1,0,0,0,0,0,0,0,4,20,16384,4096,57344,76000,61440,77824,1,1,1,4,0,1,0,4,0,1,1,0,2,0,0,0,0,0,0,0,0,0,0,0,1048576,4096,1048576,4096,1,2,1,1,UPX290LZMAMarkusOberhumerLaszloMolnarJohnReiser,0.0,0.0,19456,7.279339856619269,0,1
80,2,4,65535,184,256,3,0,0,1,1,1,0,0,1,1,0,0,0,0,0,0,1,2,25,6656,1536,0,4096,4096,12288,1,1,1,1,0,0,0,3,10,1,1,0,3,0,0,0,0,0,0,0,0,0,0,0,1048576,8192,1048576,4096,1,3,0,0,NoPacker,0.0,0.0,12288,3.9737115610833165,0,1
144,3,4,65535,184,208,3,1,1,1,1,1,0,0,0,1,0,0,0,0,0,0,0,6,0,16384,4096,24576,41376,28672,45056,1,1,1,4,0,0,0,4,0,1,1,0,2,0,0,0,0,0,0,0,0,0,0,0,1048576,4096,1048576,4096,1,3,0,1,UPX290LZMAMarkusOberhumerLaszloMolnarJohnReiser,0.0,0.0,14848,7.496178887580542,0,1
80,2,4,65535,184,256,4,0,0,1,1,1,0,0,1,1,0,0,0,0,0,0,1,2,25,6144,1536,0,4096,4096,12288,1,1,1,1,0,0,0,3,10,1,1,0,2,0,0,0,0,0,0,0,0,0,0,0,1048576,8192,1048576,4096,1,3,1,1,PENinja,0.0,0.0,12288,3.6143611716529085,0,1
80,2,4,65535,184,256,4,0,0,1,1,1,0,0,1,1,0,0,0,0,0,0,1,2,25,5632,3584,0,65536,65536,131072,1,1,1,1,0,0,0,3,10,1,1,0,2,0,0,0,0,0,0,0,0,0,0,0,1048576,8192,1048576,4096,1,3,1,0,NoPacker,0.0,0.0,12288,4.4206767101027165,0,1
80,2,4,65535,184,256,8,1,0,1,1,1,0,0,1,1,0,0,0,0,0,0,1,2,25,14848,4096,0,18388,4096,20480,1,1,1,4,0,0,0,4,0,1,1,0,2,0,0,0,0,0,0,0,0,0,0,0,1048576,16384,1048576,4096,1,4,4,1,D1S1Gv11betaD1N,0.0,0.0,19968,6.085629374273833,0,1
80,2,4,65535,184,256,7,0,0,1,1,1,0,0,1,1,0,0,0,0,0,0,1,2,25,1024,9728,0,12288,4096,8192,1,1,1,1,0,0,0,3,10,1,1,0,2,0,0,0,0,0,0,0,0,0,0,0,1048576,8192,1048576,4096,1,5,2,0,NoPacker,0.0,0.0,12288,2.3408248008743975,0,1
80,2,4,65535,184,256,4,0,0,1,1,1,0,0,1,1,0,0,0,0,0,0,1,2,25,6656,1536,0,6559,4096,12288,1,1,1,1,0,0,0,3,10,1,1,0,2,0,0,0,0,0,0,0,0,0,0,0,1048576,8192,1048576,4096,1,3,1,0,NoPacker,0.0,0.0,12288,4.156852386524572,0,1
80,2,4,65535,184,256,4,0,0,1,1,1,0,0,1,1,0,0,0,0,0,0,1,2,25,9728,3584,0,65536,65536,131072,1,1,1,1,0,0,0,3,10,1,1,0,2,0,0,0,0,0,0,0,0,0,0,0,1048576,8192,1048576,4096,1,3,1,0,NoPacker,0.0,0.0,16384,3.007907307537223,0,1
80,2,4,65535,184,256,4,0,0,1,1,1,0,0,1,1,0,0,0,0,0,0,1,2,25,10752,1024,0,4096,4096,16384,1,1,1,1,0,0,0,3,10,1,1,0,3,0,0,0,0,0,0,0,0,0,0,0,131072,8192,131072,4096,1,3,1,0,NoPacker,0.0,0.0,16384,5.224563138410505,0,1
144,3,4,65535,184,184,3,1,1,1,1,1,0,0,0,1,0,0,0,0,0,0,0,6,0,8192,8192,28672,38432,32768,40960,1,1,1,4,0,1,0,4,0,1,1,0,2,0,0,0,0,0,0,0,0,0,0,0,1048576,4096,1048576,4096,1,2,1,1,UPX290LZMAMarkusOberhumerLaszloMolnarJohnReiser,0.0,0.0,12800,5.943051780683304,0,1
144,3,4,65535,184,128,5,1,0,1,1,1,0,0,0,1,0,0,0,0,0,0,0,4,20,7680,8704,0,4540,4096,12288,1,1,1,4,0,1,0,4,0,1,1,75521,2,0,0,0,0,0,0,0,0,0,0,0,1048576,4096,1048576,4096,1,1,4,0,NoPacker,4.602222089715499,0.0,14848,4.244537958313638,0,1

80,2,4,65535,184,256,4,0,0,1,1,1,0,0,1,1,0,0,0,0,0,0,1,2,25,8704,1536,0,4096,4096,16384,1,1,1,1,0,0,0,3,10,1,1,0,2,0,0,0,0,0,0,0,0,0,0,0,1048576,8192,1048576,4096,1,3,1,0,NoPacker,0.0,0.0,12288,0.6636594993594638,0,1
80,2,4,65535,184,256,4,0,0,1,1,1,0,0,1,1,0,0,0,0,0,0,1,2,25,6656,1536,0,4096,4096,12288,1,1,1,1,0,0,0,3,10,1,1,0,3,0,0,0,0,0,0,0,0,0,0,0,1048576,8192,1048576,4096,1,3,1,0,NoPacker,0.0,0.0,12288,3.081583289659917,0,1
80,2,4,65535,184,256,4,0,0,1,1,1,0,0,1,1,0,0,0,0,0,0,1,2,25,1536,5632,0,4096,4096,8192,1,1,1,1,0,0,0,3,10,1,1,0,3,0,0,0,0,0,0,0,0,0,0,0,1048576,8192,1048576,4096,1,3,1,0,NoPacker,0.0,0.0,12288,2.553069773714254,0,1
80,2,4,65535,184,256,3,0,0,1,1,1,0,0,1,1,0,0,0,0,0,0,1,2,25,8704,512,0,4096,4096,16384,1,1,1,1,0,0,0,3,10,1,1,0,2,0,0,0,0,0,0,0,0,0,0,0,1048576,8192,1048576,4096,1,3,0,0,NoPacker,0.0,0.0,12288,0.45874173467731466,0,1
80,2,4,65535,184,256,4,0,0,1,1,1,0,0,1,1,0,0,0,0,0,0,1,2,25,8704,1536,0,4096,4096,16384,1,1,1,1,0,0,0,3,10,1,1,0,3,0,0,0,0,0,0,0,0,0,0,0,1048576,8192,1048576,4096,1,3,1,0,NoPacker,0.0,0.0,12288,0.6571647518417275,0,1
144,3,4,65535,184,184,3,1,1,1,1,1,0,0,0,1,0,0,0,0,0,0,0,6,0,4096,8192,0,4560,4096,8192,1,1,1,4,0,1,0,4,0,1,1,24441,2,0,0,0,0,0,0,0,0,0,0,0,1048576,4096,1048576,4096,1,0,3,0,NoPacker,4.533362566619431,0.0,16384,2.059640441757605,0,1
144,3,4,65535,184,176,3,1,1,1,1,1,0,0,0,1,0,0,0,0,0,0,0,6,0,8192,8192,0,4204,4096,12288,1,1,1,4,0,1,0,4,0,1,1,46372,2,0,0,0,0,0,0,0,0,0,0,0,1048576,4096,1048576,4096,1,0,3,0,NoPacker,2.516161751201272,0.0,16384,1.9895595936152217,0,1
80,2,4,65535,184,256,5,0,0,1,1,1,0,0,1,1,0,0,0,0,0,0,1,2,25,1024,2560,0,4096,4096,8192,1,1,1,1,0,0,0,3,10,1,1,0,3,0,0,0,0,0,0,0,0,0,0,0,1048576,8192,1048576,4096,1,4,1,0,NoPacker,0.0,0.0,9728,1.8655388494670238,0,1
80,2,4,65535,184,256,4,0,0,1,1,1,0,0,1,1,0,0,0,0,0,0,1,2,25,6144,2048,0,4096,4096,12288,1,1,1,1,0,0,0,3,10,1,1,0,2,0,0,0,0,0,0,0,0,0,0,0,1048576,8192,1048576,4096,1,3,1,0,NoPacker,0.0,0.0,12288,3.916922589385695,0,1
144,3,4,65535,184,176,3,1,1,1,1,1,0,0,0,1,0,0,0,0,0,0,0,6,0,12288,4096,40960,53840,45056,57344,1,1,1,4,0,5,1,4,0,1,1,0,2,0,0,0,0,0,0,0,0,0,0,0,1048576,4096,1048576,4096,1,2,1,1,UPX290LZMAMarkusOberhumerLaszloMolnarJohnReiser,0.0,0.0,12288,6.978294847298998,0,1
80,2,4,65535,184,256,4,0,0,1,1,1,0,0,1,1,0,0,0,0,0,0,1,2,25,512,7680,0,4096,4096,8192,1,1,1,1,0,0,0,3,10,1,1,0,2,0,0,0,0,0,0,0,0,0,0,0,1048576,8192,1048576,4096,1,3,1,0,NoPacker,0.0,0.0,12288,4.151149304696249,0,1
80,2,4,65535,184,256,4,0,0,1,1,1,0,0,1,1,0,0,0,0,0,0,1,2,25,512,1536,0,4096,4096,8192,1,1,1,1,0,0,0,3,10,1,1,67215,2,0,0,0,0,0,0,0,0,0,0,0,1048576,8192,1048576,4096,1,3,1,0,NoPacker,0.0,0.0,19968,6.903251298562073,0,1
80,2,4,65535,184,256,4,0,0,1,1,1,0,0,1,1,0,0,0,0,0,0,1,2,25,7168,1536,0,4096,4096,12288,1,1,1,1,0,0,0,3,10,1,1,0,2,0,0,0,0,0,0,0,0,0,0,0,1048576,8192,1048576,4096,1,3,1,0,NoPacker,0.0,0.0,12288,4.395943281485223,0,1
80,2,4,65535,184,256,4,0,0,1,1,1,0,0,1,1,0,0,0,0,0,0,1,2,25,512,6144,0,20480,4096,8192,1,1,1,1,0,0,0,3,10,1,1,0,2,0,0,0,0,0,0,0,0,0,0,0,1048576,8192,1048576,4096,1,3,1,0,NoPacker,0.0,0.0,16384,3.253283607679994,0,1
80,2,4,65535,184,256,4,0,0,1,1,1,0,0,1,1,0,0,0,0,0,0,1,2,25,7680,3584,0,65536,65536,131072,1,1,1,1,0,0,0,3,10,1,1,0,2,0,0,0,0,0,0,0,0,0,0,0,1048576,8192,1048576,4096,1,3,1,0,NoPacker,0.0,0.0,16384,3.1898473512817564,0,1
128,1,4,65535,320,128,2,1,1,1,1,1,0,0,1,1,0,0,0,0,0,0,1,1,56,4096,4096,12288,4096,16384,20480,1,1,1,1,0,0,0,4,0,1,1,0,2,0,0,0,0,0,0,0,0,0,0,0,4096,4096,65536,0,1,2,0,0,NoPacker,0.0,0.0,9728,2.366242962764081,0,1
80,2,4,65535,184,256,3,1,1,1,1,1,0,0,1,1,0,0,0,0,0,0,1,2,25,1024,9728,0,4096,4096,8192,1,1,1,1,0,0,0,3,10,1,1,0,3,0,0,0,0,0,0,0,0,0,0,0,1048576,8192,1048576,4096,1,2,1,0,NoPacker,0.0,0.0,12288,6.2798825451527716,0,1
80,2,4,65535,184,256,4,0,0,1,1,1,0,0,1,1,0,0,0,0,0,0,1,2,25,7168,2048,0,4096,4096,12288,1,1,1,1,0,0,0,3,10,1,1,0,2,0,0,0,0,0,0,0,0,0,0,0,1048576,8192,1048576,4096,1,3,1,0,NoPacker,0.0,0.0,12288,4.109685064991611,0,1
17739,20050,12851,19532,28492,64,2,0,0,1,1,1,0,0,1,1,0,0,0,0,0,0,1,0,58,22016,5120,0,93493,4096,28672,1,1,1,4,0,0,0,4,0,1,1,0,2,0,0,0,0,0,0,0,0,0,0,0,1048576,16384,1048576,4096,1,1,1,1,WinUpackv039finalrelocatedimagebaseByDwingc2005h2,0.0,0.0,20000,6.872800260585188,0,1
0,0,0,17744,332,12,2,1,1,1,1,1,0,0,0,1,0,0,0,0,0,0,0,0,0,8192,12288,0,340,4096,12,1,1,1,4,0,0,0,4,0,1,1,0,2,0,0,0,0,0,0,0,0,0,0,0,1048576,4096,1048576,4096,1,2,0,1,FSGv20bartxt,0.0,0.0,12505,4.542074018283075,0,1
80,2,4,65535,184,256,4,0,0,1,1,1,0,0,1,1,0,0,0,0,0,0,1,2,25,5632,3584,0,65536,65536,131072,1,1,1,1,0,0,0,3,10,1,1,0,2,0,0,0,0,0,0,0,0,0,0,0,1048576,8192,1048576,4096,1,3,1,0,NoPacker,0.0,0.0,12288,3.854609120138798,0,1
80,2,4,65535,184,256,4,0,0,1,1,1,0,0,1,1,0,0,0,0,0,0,1,2,25,8192,1536,0,4096,4096,12288,1,1,1,1,0,0,0,3,10,1,1,0,2,0,0,0,0,0,0,0,0,0,0,0,1048576,8192,1048576,4096,1,3,1,0,NoPacker,0.0,0.0,12288,2.2835771770741657,0,1
80,2,4,65535,184,256,8,1,0,1,1,1,0,0,1,1,0,0,0,0,0,0,1,2,25,6656,97792,0,9888,4096,12288,1,1,1,4,0,0,0,4,0,1,1,0,2,0,0,0,0,0,0,0,0,0,0,0,1048576,16384,1048576,4096,1,4,4,0,NoPacker,0.0,0.0,10716,5.457005121626779,0,1
80,2,4,65535,184,256,4,0,0,1,1,1,0,0,1,1,0,0,0,0,0,0,1,2,25,1536,5632,0,65536,65536,131072,1,1,1,1,0,0,0,3,10,1,1,0,2,0,0,0,0,0,0,0,0,0,0,0,1048576,8192,1048576,4096,1,3,1,0,NoPacker,0.0,0.0,12288,2.5238714804783022,0,1

144,3,4,65535,184,128,4,1,0,1,1,1,0,0,0,1,0,0,0,0,0,0,0,6,0,10240,3584,0,18414,8192,24576,0,1,1,4,0,0,0,4,0,1,1,0,2,0,0,0,0,0,0,0,0,0,0,0,1048576,4096,1048576,4096,1,2,2,0,NoPacker,5.056008396892951,0.0,14848,4.419500848271111,0,1
144,3,4,65535,184,240,3,1,0,1,1,1,0,0,0,1,0,0,0,0,1,0,0,6,0,12288,8192,40960,54512,45056,57344,1,1,1,4,0,0,0,4,0,1,1,0,2,0,0,0,0,0,0,0,0,0,0,0,1048576,4096,1048576,4096,1,2,1,1,UPXV200V290MarkusOberhumerLaszloMolnarJohnReiser,0.0,0.0,16384,6.596100150558411,0,1
80,2,4,65535,184,256,4,0,0,1,1,1,0,0,1,1,0,0,0,0,0,0,1,2,25,7680,2048,0,4096,4096,12288,1,1,1,1,0,0,0,3,10,1,1,0,2,0,0,0,0,0,0,0,0,0,0,0,1048576,8192,1048576,4096,1,3,1,0,NoPacker,0.0,0.0,12288,3.7822651067652937,0,1
80,2,4,65535,184,256,4,0,0,1,1,1,0,0,1,1,0,0,0,0,0,0,1,2,25,1024,3072,0,4096,4096,8192,1,1,1,1,0,0,0,3,10,1,1,0,2,0,0,0,0,0,0,0,0,0,0,0,1048576,8192,1048576,4096,1,3,1,0,NoPacker,0.0,0.0,10240,4.481484084892771,0,1
80,2,4,65535,184,256,4,0,0,1,1,1,0,0,1,1,0,0,0,0,0,0,1,2,25,512,6656,0,4096,4096,8192,1,1,1,1,0,0,0,3,10,1,1,0,2,0,0,0,0,0,0,0,0,0,0,0,1048576,8192,1048576,4096,1,3,1,0,NoPacker,0.0,0.0,12288,3.0793069284653702,0,1
80,2,4,65535,184,256,5,0,0,1,1,1,0,0,1,1,0,0,0,0,0,0,1,2,25,512,13135,0,4096,4096,8192,1,1,1,1,0,0,0,3,10,1,1,0,2,0,0,0,0,0,0,0,0,0,0,0,1048576,8192,1048576,4096,1,4,1,0,NoPacker,0.0,0.0,15183,3.779789997779548,0,1
80,2,4,65535,184,256,4,0,0,1,1,1,0,0,1,1,0,0,0,0,0,0,1,2,25,512,6656,0,4096,4096,8192,1,1,1,1,0,0,0,3,10,1,1,0,3,0,0,0,0,0,0,0,0,0,0,0,1048576,8192,1048576,4096,1,3,1,0,NoPacker,0.0,0.0,12288,1.9040189423626486,0,1
144,3,4,65535,184,128,5,1,0,1,1,1,0,0,0,1,0,0,0,0,0,0,0,4,20,10752,7168,0,5268,4096,16384,1,1,1,4,0,1,0,4,0,1,1,28901,2,0,0,0,0,0,0,0,0,0,0,0,1048576,4096,1048576,4096,1,1,4,0,NoPacker,5.549284958927983,0.0,18432,5.292021199649702,0,1
80,2,4,65535,184,256,4,0,0,1,1,1,0,0,1,1,0,0,0,0,0,0,1,2,25,9216,1536,0,4096,4096,16384,1,1,1,1,0,0,0,3,10,1,1,35395,3,0,0,0,0,0,0,0,0,0,0,0,1048576,8192,1048576,4096,1,3,1,0,NoPacker,0.0,0.0,11776,5.745681444545988,0,1
80,2,4,65535,184,256,3,0,0,1,1,1,0,0,1,1,0,0,0,0,0,0,1,2,25,8704,1024,0,4096,4096,16384,1,1,1,1,0,0,0,3,10,1,1,0,3,0,0,0,0,0,0,0,0,0,0,0,1048576,8192,1048576,4096,1,3,0,0,NoPacker,0.0,0.0,12288,0.5588171714439943,0,1
80,2,4,65535,184,256,4,0,0,1,1,1,0,0,1,1,0,0,0,0,0,0,1,2,25,5632,1536,0,4096,4096,12288,1,1,1,1,0,0,0,3,10,1,1,0,2,0,0,0,0,0,0,0,0,0,0,0,1048576,8192,1048576,4096,1,3,1,0,NoPacker,0.0,0.0,12288,2.882540935518177,0,1
80,2,4,65535,184,256,4,0,0,1,1,1,0,0,1,1,0,0,0,0,0,0,1,2,25,1024,7680,0,4096,4096,8192,1,1,1,1,0,0,0,3,10,1,1,0,2,0,0,0,0,0,0,0,0,0,0,0,1048576,8192,1048576,4096,1,3,1,0,NoPacker,0.0,0.0,12288,4.886484104986583,0,1
80,2,4,65535,184,256,2,0,0,1,1,1,0,0,1,1,0,0,0,0,0,0,1,2,25,8704,0,0,4096,4096,16384,1,1,1,1,0,0,0,3,10,1,1,0,3,0,0,0,0,0,0,0,0,0,0,0,1048576,8192,1048576,4096,1,2,0,0,NoPacker,0.0,0.0,12288,0.42746561998619403,0,1
80,2,4,65535,184,256,5,0,0,1,1,1,0,0,1,1,0,0,0,0,0,0,1,2,25,512,8363,0,8192,4096,8192,1,1,1,1,0,0,0,3,10,1,1,0,2,0,0,0,0,0,0,0,0,0,0,0,1048576,8192,1048576,4096,1,4,1,0,NoPacker,0.0,0.0,10411,2.945931907301391,0,1
80,2,4,65535,184,256,7,0,0,1,1,1,0,0,1,1,0,0,0,0,0,0,1,2,25,2048,14626,0,65536,65536,131072,1,1,1,1,0,0,0,3,10,1,1,0,2,0,0,0,0,0,0,0,0,0,0,0,1048576,8192,1048576,4096,1,4,3,0,NoPacker,0.0,0.0,18210,4.584584414438868,0,1
144,3,4,65535,184,192,4,1,1,1,1,1,0,0,0,1,0,0,0,0,0,0,0,5,12,3072,2560,0,4096,4096,8192,1,1,1,4,0,0,0,4,0,0,1,0,2,0,0,0,0,0,0,0,0,0,0,0,1048576,4096,1048576,4096,1,0,4,0,NoPacker,5.188032964471957,0.23653878450968063,10313,4.615456145712566,0,1
64,1,2,65535,512,64,3,1,1,1,1,1,0,0,0,1,0,0,0,0,0,0,0,6,0,0,16384,94208,103151,4096,98304,1,1,1,4,0,0,0,4,0,1,1,23011,2,0,0,0,0,0,0,0,0,0,0,0,1048576,4096,1048576,4096,1,3,0,0,NoPacker,0.0,0.0,14985,7.01708631369495,0,1
144,3,4,65535,184,128,5,1,0,1,1,1,0,0,0,1,0,0,0,0,0,0,0,4,20,7168,7680,0,4504,4096,12288,1,1,1,4,0,1,0,4,0,1,1,58253,2,0,0,0,0,0,0,0,0,0,0,0,1048576,4096,1048576,4096,1,1,4,0,NoPacker,4.391040982318237,0.0,13824,4.131133984793765,0,1

80,2,4,65535,184,256,4,1,0,1,1,1,0,0,1,1,0,0,0,0,0,0,1,2,25,11264,2048,0,5120,4096,16384,1,1,1,1,0,0,0,3,10,1,1,0,2,0,0,0,0,0,0,0,0,0,0,0,1048576,8192,1048576,4096,1,3,1,0,NoPacker,0.0,0.0,16384,4.900747674742256,0,1
144,3,4,65535,184,232,3,1,0,1,1,1,0,0,0,1,0,0,0,0,1,0,0,6,0,12288,8192,40960,54480,45056,57344,1,1,1,4,0,0,0,4,0,1,1,0,2,0,0,0,0,0,0,0,0,0,0,0,1048576,4096,1048576,4096,1,2,1,1,UPXV200V290MarkusOberhumerLaszloMolnarJohnReiser,0.0,0.0,16384,6.592891711025075,0,1
80,2,4,65535,184,256,2,0,0,1,1,1,0,0,1,1,0,0,0,0,0,0,1,2,25,8704,0,0,4096,4096,16384,1,1,1,1,0,0,0,3,10,1,1,0,3,0,0,0,0,0,0,0,0,0,0,0,1048576,8192,1048576,4096,1,2,0,0,NoPacker,0.0,0.0,12288,0.4254309762553961,0,1
80,2,4,65535,184,256,4,0,0,1,1,1,0,0,1,1,0,0,0,0,0,0,1,2,25,512,6656,0,4096,4096,8192,1,1,1,1,0,0,0,3,10,1,1,0,2,0,0,0,0,0,0,0,0,0,0,0,1048576,8192,1048576,4096,1,3,1,0,NoPacker,0.0,0.0,12288,1.9687655754116782,0,1
80,2,4,65535,184,256,7,0,0,1,1,1,0,0,1,1,0,0,0,0,0,0,1,2,25,512,9728,0,262144,131072,196608,1,1,1,1,0,0,0,3,10,1,1,0,2,0,0,0,0,0,0,0,0,0,0,0,1048576,8192,1048576,4096,1,5,2,0,NoPacker,0.0,0.0,16384,1.74644211090833,0,1
80,2,4,65535,184,256,4,1,0,1,1,1,0,0,1,1,0,0,0,0,0,0,1,2,25,2560,1536,0,4096,4096,8192,1,1,1,1,0,0,0,3,10,1,1,0,3,0,0,0,0,0,0,0,0,0,0,0,1048576,8192,1048576,4096,1,3,1,0,NoPacker,0.0,0.0,12288,1.2227920474997793,0,1
144,3,4,65535,184,216,3,1,1,1,1,1,0,0,0,1,0,0,0,0,0,0,0,6,0,16384,4096,307200,327040,311296,327680,1,1,1,4,0,0,0,4,0,1,1,0,2,0,0,0,0,0,0,0,0,0,0,0,1048576,4096,1048576,4096,1,3,0,1,UPXv20MarkusLaszloReiser,0.0,0.0,17920,7.6624035499699925,0,1
80,2,4,65535,184,256,5,0,0,1,1,1,0,0,1,1,0,0,0,0,0,0,1,2,25,1024,9216,0,4096,4096,8192,1,1,1,1,0,0,0,3,10,1,1,0,2,0,0,0,0,0,0,0,0,0,0,0,1048576,8192,1048576,4096,1,3,2,0,NoPacker,0.0,0.0,12288,3.9479218552070914,0,1
144,3,4,65535,184,184,5,1,1,1,1,1,0,0,0,1,0,0,0,0,0,0,0,6,0,16384,12288,0,32769,4096,20480,1,1,1,4,0,4,1,4,0,1,1,56590,2,0,0,0,0,0,0,0,0,0,0,0,1048576,4096,1048576,4096,1,2,3,1,ASPackv212AlexeySolodovnikov,7.863909277114925,0.0,16454,6.205982757471262,0,1
144,3,4,65535,184,128,5,1,0,1,1,1,0,0,0,1,0,0,0,0,0,0,0,4,20,10752,8192,0,4824,4096,16384,1,1,1,4,0,1,0,4,0,1,1,23768,2,0,0,0,0,0,0,0,0,0,0,0,1048576,4096,1048576,4096,1,1,4,0,NoPacker,5.255315649427402,0.0,17408,4.960961326938897,0,1
144,3,4,65535,184,128,5,1,0,1,1,1,0,0,0,1,0,0,0,0,0,0,0,4,20,7680,6144,0,4576,4096,12288,1,1,1,4,0,1,0,4,0,1,1,44482,2,0,0,0,0,0,0,0,0,0,0,0,1048576,4096,1048576,4096,1,1,4,0,NoPacker,4.9439385679500445,0.0,12800,4.690488368029592,0,1
144,3,4,65535,184,7296,3,1,0,1,1,1,0,0,0,1,0,0,0,0,0,0,0,5,0,107520,2560,0,9924,8192,118784,1,1,1,4,0,0,0,4,0,1,1,16149,2,0,0,0,0,0,0,0,0,0,0,0,1048576,4096,1048576,4096,1,1,2,0,NoPacker,6.539027119009072,0.0,16384,6.740815619923774,0,1
80,2,4,65535,184,256,4,0,0,1,1,1,0,0,1,1,0,0,0,0,0,0,1,2,25,12288,1536,0,4104,4096,16384,1,1,1,1,0,0,0,3,10,1,1,0,2,0,0,0,0,0,0,0,0,0,0,0,1048576,8192,1048576,4096,1,3,1,0,NoPacker,0.0,0.0,16384,1.512124467987056,0,1

80,2,4,65535,184,256,4,0,0,1,1,1,0,0,1,1,0,0,0,0,0,0,1,2,25,12288,2048,0,4096,4096,16384,1,1,1,1,0,0,0,3,10,1,1,0,2,0,0,0,0,0,0,0,0,0,0,0,1048576,8192,1048576,4096,1,3,1,0,NoPacker,0.0,0.0,16384,5.117575848287222,0,1
144,3,4,65535,184,184,3,1,1,1,1,1,0,0,0,1,0,0,0,0,0,0,0,6,0,8192,8192,0,4252,4096,12288,1,1,1,4,0,1,0,4,0,1,1,62060,2,0,0,0,0,0,0,0,0,0,0,0,1048576,4096,1048576,4096,1,0,3,0,NoPacker,3.9214432017910235,0.0,16384,2.7719323467599595,0,1
80,2,4,65535,184,256,4,0,0,1,1,1,0,0,1,1,0,0,0,0,0,0,1,2,25,5120,2048,0,8901,4096,12288,1,1,1,1,0,0,0,3,10,1,1,0,2,0,0,0,0,0,0,0,0,0,0,0,1048576,8192,1048576,4096,1,3,1,0,NoPacker,0.0,0.0,12288,3.2362616713939927,0,1
80,2,4,65535,184,256,4,0,0,1,1,1,0,0,1,1,0,0,0,0,0,0,1,2,25,7168,1536,0,10929,4096,12288,1,1,1,1,0,0,0,3,10,1,1,0,2,0,0,0,0,0,0,0,0,0,0,0,1048576,8192,1048576,4096,1,3,1,0,NoPacker,0.0,0.0,12288,3.182766905938657,0,1
80,2,4,65535,184,256,5,0,0,1,1,1,0,0,1,1,0,0,0,0,0,0,1,2,25,7168,1024,0,4096,4096,12288,1,1,1,1,0,0,0,3,10,1,1,0,2,0,0,0,0,0,0,0,0,0,0,0,1048576,8192,1048576,4096,1,4,1,0,NoPacker,0.0,0.0,13824,2.64810932497768,0,1
80,2,4,65535,184,256,4,0,0,1,1,1,0,0,1,1,0,0,0,0,0,0,1,2,25,6656,1536,0,6437,4096,12288,1,1,1,1,0,0,0,3,10,1,1,0,2,0,0,0,0,0,0,0,0,0,0,0,1048576,8192,1048576,4096,1,3,1,0,NoPacker,0.0,0.0,12288,4.107637433262174,0,1
80,2,4,65535,184,256,3,1,1,1,1,1,0,0,1,1,0,0,0,0,0,0,1,2,25,16384,4096,49152,67680,53248,69632,1,1,1,4,0,0,0,4,0,1,1,0,2,0,0,0,0,0,0,0,0,0,0,0,1048576,16384,1048576,4096,1,2,1,1,UPX290LZMAMarkusOberhumerLaszloMolnarJohnReiser,0.0,0.0,16384,7.61682766788782,0,1
80,2,4,65535,184,256,3,1,1,1,1,1,0,0,1,1,0,0,0,0,0,0,1,2,25,8192,4096,40960,52784,45056,53248,1,1,1,4,0,0,0,4,0,1,1,0,2,0,0,0,0,0,0,0,0,0,0,0,1048576,16384,1048576,4096,1,2,1,1,UPX290LZMAMarkusOberhumerLaszloMolnarJohnReiser,0.0,0.0,9728,7.293141080751908,0,1
80,2,4,65535,184,256,4,0,0,1,1,1,0,0,1,1,0,0,0,0,0,0,1,2,25,6656,1536,0,6568,4096,12288,1,1,1,1,0,0,0,3,10,1,1,0,2,0,0,0,0,0,0,0,0,0,0,0,1048576,8192,1048576,4096,1,3,1,0,NoPacker,0.0,0.0,12288,4.165020996384947,0,1
80,2,4,65535,184,256,4,0,0,1,1,1,0,0,1,1,0,0,0,0,0,0,1,2,25,12800,1536,0,4096,4096,20480,1,1,1,1,0,0,0,3,10,1,1,0,2,0,0,0,0,0,0,0,0,0,0,0,1048576,8192,1048576,4096,1,3,1,0,NoPacker,0.0,0.0,16384,2.3126353204527748,0,1
144,3,4,65535,184,128,5,1,0,1,1,1,0,0,0,1,0,0,0,0,0,0,0,4,20,7680,8192,0,4512,4096,12288,1,1,1,4,0,1,0,4,0,0,1,20100,2,0,0,0,0,0,0,0,0,0,0,0,1048576,4096,1048576,4096,1,1,4,0,NoPacker,4.589102213709361,0.0,14848,4.195965708236989,0,1
80,2,4,65535,184,512,5,1,0,1,1,1,0,0,0,1,1,0,0,0,0,0,0,5,0,4096,16384,0,8200,4096,8192,1,1,1,4,0,0,0,4,0,1,1,0,2,0,0,0,0,0,0,0,0,0,0,0,1048576,10000,1048576,4096,1,1,4,0,NoPacker,0.2985339913766767,6.347851778540827,19968,5.670063080041014,0,1
80,2,4,65535,184,256,6,0,0,1,1,1,0,0,1,1,0,0,0,0,0,0,1,2,25,1024,9795,0,65536,65536,131072,1,1,1,1,0,0,0,3,10,1,1,0,3,0,0,0,0,0,0,0,0,0,0,0,1048576,8192,1048576,4096,1,4,2,0,NoPacker,0.0,0.0,12355,4.299027775913067,0,1
144,3,4,65535,184,208,3,1,1,1,1,1,0,0,0,1,0,0,0,0,0,0,0,7,10,10240,3072,0,22659,4096,16384,1,1,1,5,1,5,1,4,0,1,1,42364,2,0,0,0,0,1,0,0,1,0,0,0,262144,4096,1048576,4096,1,1,2,0,NoPacker,0.0,1.0467173685523101,14336,6.1305906591010295,0,1
80,2,4,65535,184,256,4,0,0,1,1,1,0,0,1,1,0,0,0,0,0,0,1,2,25,3584,3584,0,65536,65536,131072,1,1,1,1,0,0,0,3,10,1,1,0,2,0,0,0,0,0,0,0,0,0,0,0,1048576,8192,1048576,4096,1,3,1,0,NoPacker,0.0,0.0,12288,3.52501876525269,0,1
144,3,4,65535,184,128,5,1,0,1,1,1,0,0,0,1,0,0,0,0,0,0,0,4,20,5632,6144,0,4180,4096,12288,1,1,1,4,0,1,0,4,0,1,1,60018,2,0,0,0,0,0,0,0,0,0,0,0,1048576,4096,1048576,4096,1,1,4,0,NoPacker,3.88549288680376,0.0,9728,3.5520762689121743,0,1

80,2,4,65535,184,256,4,0,0,1,1,1,0,0,1,1,0,0,0,0,0,0,1,2,25,3584,3584,0,65536,65536,131072,1,1,1,1,0,0,0,3,10,1,1,0,2,0,0,0,0,0,0,0,0,0,0,0,1048576,8192,1048576,4096,1,3,1,0,NoPacker,0.0,0.0,12288,3.552876259938088,0,1

80,2,4,65535,184,256,4,1,0,1,1,1,0,0,1,1,0,0,0,0,0,0,1,2,25,512,9216,0,4096,4096,8192,1,1,1,1,0,0,0,3,10,1,1,0,3,0,0,0,0,0,0,0,0,0,0,0,1048576,8192,1048576,4096,1,3,1,0,NoPacker,0.0,0.0,12288,4.282021270697398,0,1
80,2,4,65535,184,256,6,0,0,1,1,1,0,0,1,1,0,0,0,0,0,0,1,2,25,512,8704,0,12288,4096,8192,1,1,1,1,0,0,0,3,10,1,1,0,2,0,0,0,0,0,0,0,0,0,0,0,1048576,8192,1048576,4096,1,5,1,0,NoPacker,0.0,0.0,12288,1.425162968002118,0,1
80,2,4,65535,184,256,5,0,0,1,1,1,0,0,1,1,0,0,0,0,0,0,1,2,25,512,13229,0,4096,4096,8192,1,1,1,1,0,0,0,3,10,1,1,0,2,0,0,0,0,0,0,0,0,0,0,0,1048576,8192,1048576,4096,1,4,1,0,NoPacker,0.0,0.0,15277,4.1392308398678335,0,1
80,2,4,65535,184,256,4,1,0,1,1,1,0,0,1,1,0,0,0,0,0,0,1,2,25,1536,6144,0,4096,4096,8192,1,1,1,1,0,0,0,3,10,1,1,0,3,0,0,0,0,0,0,0,0,0,0,0,1048576,8192,1048576,4096,1,3,1,0,NoPacker,0.0,0.0,12288,2.242048015552817,0,1
80,2,4,65535,184,256,4,0,0,1,1,1,0,0,1,1,0,0,0,0,0,0,1,2,25,8192,1536,0,4096,4096,12288,1,1,1,1,0,0,0,3,10,1,1,0,3,0,0,0,0,0,0,0,0,0,0,0,1048576,8192,1048576,4096,1,3,1,0,NoPacker,0.0,0.0,12288,4.0338609752649495,0,1
144,3,4,65535,184,192,3,1,1,1,1,1,0,0,0,1,0,0,0,0,0,0,0,6,0,0,16384,36864,45861,4096,40960,1,1,1,4,0,1,0,4,0,1,1,27457,2,0,0,0,0,0,0,0,0,0,0,0,1048576,4096,1048576,4096,1,3,0,1,NSPack3xLiuXingPing,0.0,0.0,15446,6.630240414247784,0,1
80,2,4,65535,184,256,4,0,0,1,1,1,0,0,1,1,0,0,0,0,0,0,1,2,25,10752,2048,0,4096,4096,16384,1,1,1,1,0,0,0,3,10,1,1,0,2,0,0,0,0,0,0,0,0,0,0,0,1048576,8192,1048576,4096,1,3,1,0,NoPacker,0.0,0.0,16384,4.347048110560214,0,1
80,2,4,65535,184,256,4,0,0,1,1,1,0,0,1,1,0,0,0,0,0,0,1,2,25,512,6144,0,20992,4096,8192,1,1,1,1,0,0,0,3,10,0,1,0,2,0,0,0,0,0,0,0,0,0,0,0,1048576,8192,1048576,4096,1,3,1,0,NoPacker,0.0,0.0,9728,2.8807953286517223,0,1
80,2,4,65535,184,256,4,0,0,1,1,1,0,0,1,1,0,0,0,0,0,0,1,2,25,7680,2048,0,4096,4096,12288,1,1,1,1,0,0,0,3,10,1,1,0,2,0,0,0,0,0,0,0,0,0,0,0,1048576,8192,1048576,4096,1,3,1,0,NoPacker,0.0,0.0,12288,3.34133048381312,0,1
80,2,4,65535,184,256,4,0,0,1,1,1,0,0,1,1,0,0,0,0,0,0,1,2,25,8704,1536,0,65562,65536,131072,1,1,1,1,0,0,0,3,10,1,1,0,2,0,0,0,0,0,0,0,0,0,0,0,1048576,8192,1048576,4096,1,3,1,0,NoPacker,0.0,0.0,12288,4.36555079040766,0,1
80,2,4,65535,184,256,4,0,0,1,1,1,0,0,1,1,0,0,0,0,0,0,1,2,25,5632,3584,0,65536,65536,131072,1,1,1,1,0,0,0,3,10,1,1,0,2,0,0,0,0,0,0,0,0,0,0,0,1048576,8192,1048576,4096,1,3,1,0,NoPacker,0.0,0.0,12288,3.9805755144067176,0,1
144,3,4,65535,184,128,5,1,0,1,1,1,0,0,0,1,0,0,0,0,0,0,0,4,20,7168,7680,0,4632,4096,12288,1,1,1,4,0,1,1,4,0,1,1,56898,2,0,0,0,0,0,0,0,0,0,0,0,1048576,4096,1048576,4096,1,1,4,0,NoPacker,4.916282236037626,0.0,17750,4.377055786091018,0,1
80,2,4,65535,184,256,3,1,1,1,1,1,0,0,1,1,0,0,0,0,0,0,1,2,25,20480,4096,36864,57872,40960,61440,1,1,1,4,0,0,0,4,0,1,1,0,2,0,0,0,0,0,0,0,0,0,0,0,1048576,16384,1048576,4096,1,2,1,1,UPX290LZMAMarkusOberhumerLaszloMolnarJohnReiser,0.0,0.0,19506,7.47685267443602,0,1
80,2,4,65535,184,256,5,0,0,1,1,1,0,0,1,1,0,0,0,0,0,0,1,2,25,512,14047,0,4096,4096,8192,1,1,1,1,0,0,0,3,10,1,1,0,2,0,0,0,0,0,0,0,0,0,0,0,1048576,8192,1048576,4096,1,4,1,0,NoPacker,0.0,0.0,16095,4.193373517952891,0,1
80,2,4,65535,184,256,5,0,0,1,1,1,0,0,1,1,0,0,0,0,0,0,1,2,25,512,13409,0,4096,4096,8192,1,1,1,1,0,0,0,3,10,1,1,0,2,0,0,0,0,0,0,0,0,0,0,0,1048576,8192,1048576,4096,1,4,1,0,NoPacker,0.0,0.0,15457,4.194756502491006,0,1
80,2,4,65535,184,256,4,0,0,1,1,1,0,0,1,1,0,0,0,0,0,0,1,2,25,5120,3584,0,65536,65536,131072,1,1,1,1,0,0,0,3,10,1,1,0,2,0,0,0,0,0,0,0,0,0,0,0,1048576,8192,1048576,4096,1,3,1,0,NoPacker,0.0,0.0,12288,2.0863628926532902,0,1
80,2,4,65535,184,256,4,0,0,1,1,1,0,0,1,1,0,0,0,0,0,0,1,2,25,7168,2048,0,4096,4096,12288,1,1,1,1,0,0,0,3,10,1,1,0,2,0,0,0,0,0,0,0,0,0,0,0,1048576,8192,1048576,4096,1,3,1,0,NoPacker,0.0,0.0,12288,4.213026812335554,0,1
80,2,4,65535,184,256,6,0,0,1,1,1,0,0,1,1,0,0,0,0,0,0,1,2,25,512,8704,0,12288,4096,8192,1,1,1,1,0,0,0,3,10,1,1,0,2,0,0,0,0,0,0,0,0,0,0,0,1048576,8192,1048576,4096,1,5,1,0,NoPacker,0.0,0.0,12288,1.4444257415183415,0,1


80,2,4,65535,184,256,4,0,0,1,1,1,0,0,1,1,0,0,0,0,0,0,1,2,25,2048,7680,0,4096,4096,8192,1,1,1,1,0,0,0,3,10,1,1,0,2,0,0,0,0,0,0,0,0,0,0,0,1048576,8192,1048576,4096,1,3,1,0,NoPacker,0.0,0.0,12288,3.0840664723935767,0,1
80,2,4,65535,184,256,3,1,1,1,1,1,0,0,1,1,0,0,0,0,0,0,1,2,25,1024,7168,0,4096,4096,8192,1,1,1,1,0,0,0,3,10,1,1,0,3,0,0,0,0,0,0,0,0,0,0,0,1048576,8192,1048576,4096,1,2,1,0,NoPacker,0.0,0.0,9728,5.821601158703805,0,1
144,3,4,65535,184,128,5,1,0,1,1,1,0,0,0,1,0,0,0,0,0,0,0,4,20,6656,7680,0,4492,4096,12288,1,1,1,4,0,1,0,4,0,1,1,38255,2,0,0,0,0,0,0,0,0,0,0,0,1048576,4096,1048576,4096,1,1,4,0,NoPacker,5.127298122578624,0.0,13312,4.598123438626313,0,1
80,2,4,65535,184,256,4,0,0,1,1,1,0,0,1,1,0,0,0,0,0,0,1,2,25,6656,4096,0,65536,65536,131072,1,1,1,1,0,0,0,3,10,1,1,0,2,0,0,0,0,0,0,0,0,0,0,0,1048576,8192,1048576,4096,1,3,1,0,NoPacker,0.0,0.0,12288,4.503087016049608,0,1
144,3,4,65535,184,184,3,1,1,1,1,1,0,0,0,1,0,0,0,0,0,0,0,6,0,8192,8192,0,4320,4096,12288,1,1,1,4,0,1,0,4,0,1,1,41063,2,0,0,0,0,0,0,0,0,0,0,0,1048576,4096,1048576,4096,1,0,3,0,NoPacker,4.14045304260102,0.0,16384,2.8795567682017813,0,1
80,2,4,65535,184,256,3,1,1,1,1,1,0,0,1,1,0,0,0,0,1,0,1,2,25,12288,4096,679936,693152,684032,696320,0,1,1,1,0,0,0,3,10,1,1,0,2,0,0,0,0,0,0,0,0,0,0,0,0,0,1048576,4096,1,3,0,0,NoPacker,0.0,0.0,11776,7.258822884709448,0,1
0,0,0,17744,332,12,2,1,1,1,1,1,0,0,1,1,0,0,0,0,0,0,1,0,0,13312,4608,0,340,4096,12,1,1,1,4,0,0,0,4,0,1,1,0,2,0,0,0,0,0,0,0,0,0,0,0,1048576,16384,1048576,4096,1,2,0,1,FSGv20bartxt,0.0,0.0,10409,7.5861096394509095,0,1
80,2,4,65535,184,256,5,0,0,1,1,1,0,0,1,1,0,0,0,0,0,0,1,2,25,512,1536,0,20480,4096,8192,1,1,1,1,0,0,0,3,10,1,1,4294967295,2,0,0,0,0,0,0,0,0,0,0,0,1048576,8192,1048576,4096,1,4,1,0,NoPacker,0.0,0.0,14336,6.706613475406114,0,1
80,2,4,65535,184,256,4,0,0,1,1,1,0,0,1,1,0,0,0,0,0,0,1,2,25,512,9216,0,136224,65536,131072,1,1,1,1,0,0,0,3,10,1,1,0,2,0,0,0,0,0,0,0,0,0,0,0,1048576,8192,1048576,4096,1,3,1,0,NoPacker,0.0,0.0,12288,4.190004421631462,0,1
80,2,4,65535,184,256,4,0,0,1,1,1,0,0,1,1,0,0,0,0,0,0,1,2,25,512,1536,0,16896,4096,8192,1,1,1,1,0,0,0,3,10,0,1,0,2,0,0,0,0,0,0,0,0,0,0,0,1048576,8192,1048576,4096,1,3,1,0,NoPacker,0.0,0.0,10699,2.159133394205824,0,1
80,2,4,65535,184,256,4,0,0,1,1,1,0,0,1,1,0,0,0,0,0,0,1,2,25,6144,3584,0,4096,4096,12288,1,1,1,1,0,0,0,3,10,1,1,0,3,0,0,0,0,0,0,0,0,0,0,0,1048576,8192,1048576,4096,1,3,1,0,NoPacker,0.0,0.0,12288,2.893493641286659,0,1
144,3,4,65535,184,184,3,1,1,1,1,1,0,0,0,1,0,0,0,0,0,0,0,6,0,8192,8192,0,4660,4096,12288,1,1,1,4,0,1,0,4,0,1,1,56493,2,0,0,0,0,0,0,0,0,0,0,0,1048576,4096,1048576,4096,1,0,3,1,ProtectSharewareV11eCompservCMS,4.76255822043345,0.0,20480,2.688926575784488,0,1
144,3,4,65535,184,200,3,1,1,1,1,1,0,0,0,1,1,0,0,0,0,0,0,5,12,4096,4096,0,600,4096,8192,0,1,1,5,0,5,0,4,0,1,1,0,2,0,0,0,0,0,0,0,0,0,0,0,262144,4096,1048576,4096,1,1,2,0,NoPacker,0.0,0.0,16384,4.217498613161369,0,1
80,2,4,65535,184,256,4,0,0,1,1,1,0,0,1,1,0,0,0,0,0,0,1,2,25,13312,2560,0,4096,4096,20480,1,1,1,1,0,0,0,3,10,1,1,0,2,0,0,0,0,0,0,0,0,0,0,0,1048576,8192,1048576,4096,1,3,1,0,NoPacker,0.0,0.0,20480,4.4677629628534,0,1
80,2,4,65535,184,256,6,0,0,1,1,1,0,0,1,1,0,0,0,0,0,0,1,2,25,512,9216,0,12288,4096,8192,1,1,1,1,0,0,0,3,10,1,1,0,2,0,0,0,0,0,0,0,0,0,0,0,1048576,8192,1048576,4096,1,5,1,0,NoPacker,0.0,0.0,12288,1.5388327012577272,0,1
144,3,4,65535,184,216,3,1,1,1,1,1,0,0,0,1,0,0,0,0,0,0,0,6,0,4096,8192,0,6336,4096,8192,1,1,1,4,0,0,0,4,0,1,1,0,2,0,0,0,0,0,0,0,0,0,0,0,1048576,4096,1048576,4096,1,0,3,1,Armadillov171,4.6134248050843585,1.0987070998519366,16384,2.3863204671029057,0,1
80,2,4,65535,184,256,4,0,0,1,1,1,0,0,1,1,0,0,0,0,0,0,1,2,25,1024,1536,0,20480,4096,8192,1,1,1,1,0,0,0,3,10,1,1,0,2,0,0,0,0,0,0,0,0,0,0,0,1048576,8192,1048576,4096,1,3,1,0,NoPacker,0.0,0.0,12320,4.773340019046723,0,1
80,2,4,65535,57005,256,4,0,0,1,1,1,0,0,1,1,0,0,0,0,0,0,1,2,25,1660,6144,0,24576,4096,8192,1,1,1,1,0,0,0,3,10,0,1,0,2,0,0,0,0,0,0,0,0,0,0,0,1048576,8192,1048576,4096,1,3,1,0,NoPacker,0.0,0.0,12053,2.5522109130709763,0,1
80,2,4,65535,184,256,4,1,0,1,1,1,0,0,1,1,0,0,0,0,0,0,1,2,25,10752,2048,0,5120,4096,16384,1,1,1,1,0,0,0,3,10,1,1,0,2,0,0,0,0,0,0,0,0,0,0,0,1048576,8192,1048576,4096,1,3,1,0,NoPacker,0.0,0.0,16384,4.67040488451126,0,1
80,2,4,65535,184,256,4,0,0,1,1,1,0,0,1,1,0,0,0,0,0,0,1,2,25,512,5120,0,16904,16384,8192,1,1,1,1,0,0,0,3,10,1,1,0,2,0,0,0,0,0,0,0,0,0,0,0,1048576,8192,1048576,4096,1,3,1,0,NoPacker,0.0,0.0,12416,3.1412802418549512,0,1
80,2,4,65535,184,256,4,0,0,1,1,1,0,0,1,1,0,0,0,0,0,0,1,2,25,512,1536,0,20480,4096,8192,1,1,1,1,0,0,0,3,10,0,1,0,3,0,0,0,0,0,0,0,0,0,0,0,1048576,8192,1048576,4096,1,3,1,0,NoPacker,0.0,0.0,10606,2.7420295988899404,0,1
80,2,4,65535,184,256,4,0,0,1,1,1,0,0,1,1,0,0,0,0,0,0,1,2,25,512,9216,0,4096,4096,8192,1,1,1,1,0,0,0,3,10,1,1,0,3,0,0,0,0,0,0,0,0,0,0,0,1048576,8192,1048576,4096,1,3,1,0,NoPacker,0.0,0.0,12288,4.304322262331977,0,1
80,2,4,65535,184,256,2,0,0,1,1,1,0,0,1,1,0,0,0,0,0,0,1,2,25,6144,1024,0,4096,4096,36864,1,1,1,1,0,0,0,3,10,1,1,0,3,0,0,0,0,0,0,0,0,0,0,0,1048576,8192,1048576,4096,1,2,0,0,NoPacker,0.0,0.0,12288,3.8510718276865736,0,1
80,2,4,65535,184,256,5,0,0,1,1,1,0,0,1,1,0,0,0,0,0,0,1,2,25,1024,1536,0,4096,4096,8192,1,1,1,1,0,0,0,3,10,1,0,0,2,0,0,0,0,0,0,0,0,0,0,0,1048576,65536,1048576,4096,1,5,0,0,NoPacker,0.0,0.0,15360,3.9994132934578004,0,1
80,2,4,65535,184,256,4,0,0,1,1,1,0,0,1,1,0,0,0,0,0,0,1,2,25,512,8972,0,22538,4096,8192,1,1,1,1,0,0,0,3,10,0,1,0,2,0,0,0,0,0,0,0,0,0,0,0,1048576,8192,1048576,4096,1,3,1,0,NoPacker,0.0,0.0,11020,2.9913182418380733,0,1
80,2,4,65535,184,256,5,0,0,1,1,1,0,0,1,1,0,0,0,0,0,0,1,2,25,11264,4096,0,4096,4096,16384,1,1,1,1,0,0,0,3,10,1,1,17920,2,0,0,0,0,0,0,0,0,0,0,0,1048576,8192,1048576,4096,1,3,2,0,NoPacker,0.0,0.0,17920,6.129826154654632,0,1
80,2,4,65535,184,256,4,0,0,1,1,1,0,0,1,1,0,0,0,0,0,0,1,2,25,5120,3584,0,65536,65536,131072,1,1,1,1,0,0,0,3,10,1,1,0,2,0,0,0,0,0,0,0,0,0,0,0,1048576,8192,1048576,4096,1,3,1,0,NoPacker,0.0,0.0,12288,3.8609536584011384,0,1
80,2,4,65535,184,256,4,0,0,1,1,1,0,0,1,1,0,0,0,0,0,0,1,2,25,5632,3584,0,4096,4096,12288,1,1,1,1,0,0,0,3,10,1,1,0,3,0,0,0,0,0,0,0,0,0,0,0,1048576,8192,1048576,4096,1,3,1,0,NoPacker,0.0,0.0,12288,3.7371607739641317,0,1
80,2,4,65535,184,256,5,1,0,1,1,1,0,0,1,1,0,0,0,0,0,0,1,2,25,4096,1536,0,4096,4096,8192,1,1,1,1,0,0,0,3,10,1,1,16842756,2,0,0,0,0,0,0,0,0,0,0,0,1048576,8192,1048576,4096,1,3,2,0,NoPacker,6.152449862668158,0.0,10752,3.9764213464532756,0,1
80,2,4,65535,184,256,4,0,0,1,1,1,0,0,1,1,0,0,0,0,0,0,1,2,25,512,14336,0,29184,4096,8192,1,1,1,1,0,0,0,3,10,1,1,0,2,0,0,0,0,0,0,0,0,0,0,0,1048576,8192,1048576,4096,1,3,1,0,NoPacker,0.0,0.0,18461,1.693305848555262,0,1
80,2,4,65535,184,256,4,0,0,1,1,1,0,0,1,1,0,0,0,0,0,0,1,2,25,512,8192,0,4096,4096,8192,1,1,1,1,0,0,0,3,10,1,1,0,2,0,0,0,0,0,0,0,0,0,0,0,1048576,8192,1048576,4096,1,3,1,0,NoPacker,0.0,0.0,12288,4.317650070461627,0,1

80,2,4,65535,184,256,4,0,0,1,1,1,0,0,1,1,0,0,0,0,0,0,1,2,25,512,14336,0,29184,4096,8192,1,1,1,1,0,0,0,3,10,1,1,0,2,0,0,0,0,0,0,0,0,0,0,0,1048576,8192,1048576,4096,1,3,1,0,NoPacker,0.0,0.0,19456,2.0769178462251565,0,1
80,2,4,65535,184,256,4,1,0,1,1,1,0,0,1,1,0,0,0,0,0,0,1,2,25,6144,2048,0,65536,65536,131072,1,1,1,1,0,0,0,3,10,1,1,0,3,0,0,0,0,0,0,0,0,0,0,0,1048576,8192,1048576,4096,1,3,1,0,NoPacker,0.0,0.0,12288,3.9030276199879794,0,1
0,0,0,17744,332,12,2,1,1,1,1,1,0,0,1,1,0,0,0,0,0,0,1,0,0,13312,4608,0,340,4096,12,1,1,1,4,0,0,0,4,0,1,1,0,2,0,0,0,0,0,0,0,0,0,0,0,1048576,16384,1048576,4096,1,2,0,1,FSGv20bartxt,0.0,0.0,10425,7.5898699362207855,0,1
1771,1,0,8653,0,24,3,1,1,1,1,1,0,0,1,1,0,0,0,0,0,0,1,2,25,12288,4096,24,53856,45056,57344,1,1,1,4,0,0,0,4,0,1,1,0,2,0,0,0,0,0,0,0,0,0,0,0,1048576,16384,1048576,4096,1,2,1,1,UPX290LZMAMarkusOberhumerLaszloMolnarJohnReiser,0.0,0.0,10240,7.5562996468377115,0,1
80,2,4,65535,184,256,4,0,0,1,1,1,0,0,1,1,0,0,0,0,0,0,1,2,25,512,6656,0,4096,4096,8192,1,1,1,1,0,0,0,3,10,1,1,0,2,0,0,0,0,0,0,0,0,0,0,0,1048576,8192,1048576,4096,1,3,1,0,NoPacker,0.0,0.0,12288,1.924290933656246,0,1
144,3,4,65535,184,216,3,1,1,1,1,1,0,0,0,1,0,0,0,0,0,0,0,6,0,16384,4096,307200,327056,311296,327680,1,1,1,4,0,0,0,4,0,1,1,0,2,0,0,0,0,0,0,0,0,0,0,0,1048576,4096,1048576,4096,1,3,0,1,UPXv20MarkusLaszloReiser,0.0,0.0,17920,7.663944826018028,0,1
80,2,4,65535,184,256,4,0,0,1,1,1,0,0,1,1,0,0,0,0,0,0,1,2,25,5632,3584,0,65536,65536,131072,1,1,1,1,0,0,0,3,10,1,1,0,2,0,0,0,0,0,0,0,0,0,0,0,1048576,8192,1048576,4096,1,3,1,0,NoPacker,0.0,0.0,12288,3.983833666483569,0,1
80,2,4,65535,184,256,4,0,0,1,1,1,0,0,1,1,0,0,0,0,0,0,1,2,25,12288,2048,0,5120,4096,16384,1,1,1,1,0,0,0,3,10,1,1,0,2,0,0,0,0,0,0,0,0,0,0,0,1048576,8192,1048576,4096,1,3,1,0,NoPacker,0.0,0.0,16384,5.265030561062925,0,1
144,3,4,65535,184,184,5,1,1,1,1,1,0,0,0,1,0,0,0,0,0,0,0,6,0,12288,8192,0,24577,4096,16384,1,1,1,4,0,3,0,4,0,1,1,85149,2,0,0,0,0,0,0,0,0,0,0,0,1048576,4096,1048576,4096,1,2,3,1,ASPackv212AlexeySolodovnikov,7.634069098548828,0.5812237093836843,13824,5.911758002306161,0,1
80,2,4,65535,184,256,4,0,0,1,1,1,0,0,1,1,0,0,0,0,0,0,1,2,25,8192,1536,0,4096,4096,12288,1,1,1,1,0,0,0,3,10,1,1,0,2,0,0,0,0,0,0,0,0,0,0,0,1048576,8192,1048576,4096,1,3,1,0,NoPacker,0.0,0.0,12288,3.983989158801355,0,1
80,2,4,65535,184,256,5,0,0,1,1,1,0,0,0,1,0,0,0,0,0,0,0,2,25,512,1536,0,21040,4096,8192,1,1,1,1,0,0,0,3,10,1,0,0,2,0,0,0,0,0,0,0,0,0,0,0,1048576,8192,1048576,4096,1,4,1,0,NoPacker,0.0,0.0,16384,5.765175304539427,0,1
80,2,4,65535,184,256,5,0,0,1,1,1,0,0,1,1,0,0,0,0,0,0,1,2,25,2048,7680,0,4096,4096,8192,1,1,1,1,0,0,0,3,10,1,1,0,2,0,0,0,0,0,0,0,0,0,0,0,1048576,8192,1048576,4096,1,4,1,0,NoPacker,0.0,0.0,13824,2.8622722191423002,0,1
80,2,4,65535,184,256,4,0,0,1,1,1,0,0,1,1,0,0,0,0,0,0,1,2,25,5632,1536,0,4096,4096,12288,1,1,1,1,0,0,0,3,10,1,1,0,3,0,0,0,0,0,0,0,0,0,0,0,1048576,8192,1048576,4096,1,3,1,0,NoPacker,0.0,0.0,12288,2.587044085123354,0,1
144,3,4,65535,184,128,6,1,0,1,1,1,0,0,0,1,0,0,0,0,0,0,0,2,50,1024,7168,0,28672,4096,8192,1,1,1,1,0,0,0,4,0,1,1,45150,3,0,0,0,0,0,0,0,0,0,0,0,1048576,4096,1048576,4096,1,2,4,0,NoPacker,5.796829608836205,1.0287251921387583,12408,4.029360463575723,0,1
80,2,4,65535,184,256,4,0,0,1,1,1,0,0,1,1,0,0,0,0,0,0,1,2,25,512,1536,0,20480,4096,8192,1,1,1,1,0,0,0,3,10,0,1,0,3,0,0,0,0,0,0,0,0,0,0,0,1048576,8192,1048576,4096,1,3,1,0,NoPacker,0.0,0.0,13511,4.274925408180499,0,1
80,2,4,65535,184,256,5,0,0,1,1,1,0,0,1,1,0,0,0,0,0,0,1,2,25,2048,6289,0,4096,4096,8192,1,1,1,1,0,0,0,3,10,1,1,0,2,0,0,0,0,0,0,0,0,0,0,0,1048576,8192,1048576,4096,1,4,1,0,NoPacker,0.0,0.0,9873,3.2942178398386512,0,1
80,2,4,65535,184,256,4,0,0,1,1,1,0,0,1,1,0,0,0,0,0,0,1,2,25,512,6144,0,20992,4096,8192,1,1,1,1,0,0,0,3,10,0,1,0,2,0,0,0,0,0,0,0,0,0,0,0,1048576,8192,1048576,4096,1,3,1,0,NoPacker,0.0,0.0,9728,2.89523034604969,0,1

80,2,4,65535,184,256,4,0,0,1,1,1,0,0,1,1,0,0,0,0,0,0,1,2,25,512,6144,0,20992,4096,8192,1,1,1,1,0,0,0,3,10,0,1,0,2,0,0,0,0,0,0,0,0,0,0,0,1048576,8192,1048576,4096,1,3,1,1,PENinja,0.0,0.0,16384,4.230433314870138,0,1
80,2,4,65535,184,256,4,0,0,1,1,1,0,0,1,1,0,0,0,0,0,0,1,2,25,2560,2560,0,4096,4096,8192,1,1,1,1,0,0,0,3,10,1,1,0,2,0,0,0,0,0,0,0,0,0,0,0,1048576,8192,1048576,4096,1,3,1,0,NoPacker,0.0,0.0,12288,2.3797629040860095,0,1
80,2,4,65535,184,256,4,0,0,1,1,1,0,0,1,1,0,0,0,0,0,0,1,2,25,3584,3584,0,65536,65536,131072,1,1,1,1,0,0,0,3,10,1,1,0,2,0,0,0,0,0,0,0,0,0,0,0,1048576,8192,1048576,4096,1,3,1,0,NoPacker,0.0,0.0,12288,2.776662979600092,0,1
80,2,4,65535,184,256,4,0,0,1,1,1,0,0,1,1,0,0,0,0,0,0,1,2,25,7680,2048,0,4096,4096,12288,1,1,1,1,0,0,0,3,10,1,1,0,2,0,0,0,0,0,0,0,0,0,0,0,1048576,8192,1048576,4096,1,3,1,0,NoPacker,0.0,0.0,12288,3.647303829680784,0,1
80,2,4,65535,184,256,5,0,0,1,1,1,0,0,1,1,0,0,0,0,0,0,1,2,25,7168,2048,0,4096,4096,12288,1,1,1,1,0,0,0,3,10,1,1,0,2,0,0,0,0,0,0,0,0,0,0,0,1048576,8192,1048576,4096,1,4,1,0,NoPacker,0.0,0.0,13824,3.748974302960348,0,1
80,2,4,65535,184,256,4,0,0,1,1,1,0,0,1,1,0,0,0,0,0,0,1,2,25,5632,1536,0,4096,4096,12288,1,1,1,1,0,0,0,3,10,1,1,0,2,0,0,0,0,0,0,0,0,0,0,0,1048576,8192,1048576,4096,1,3,1,0,NoPacker,0.0,0.0,12288,2.5457210639503947,0,1
80,2,4,65535,184,256,4,0,0,1,1,1,0,0,1,1,0,0,0,0,0,0,1,2,25,9728,1536,0,4096,4096,16384,1,1,1,1,0,0,0,3,10,1,1,0,2,0,0,0,0,0,0,0,0,0,0,0,1048576,8192,1048576,4096,1,3,1,0,NoPacker,0.0,0.0,16384,2.8135668324479894,0,1
144,3,4,65535,184,176,5,1,0,1,1,1,0,0,0,1,0,0,0,0,0,0,0,5,12,8704,3072,0,4116,4096,16384,1,1,1,4,0,0,0,4,0,1,1,0,2,0,0,0,0,0,0,0,0,0,0,0,1048576,4096,1048576,4096,1,1,4,0,NoPacker,2.7725028994803345,1.1082315754888477,13113,2.8757532310910556,0,1
80,2,4,65535,184,256,4,0,0,1,1,1,0,0,1,1,0,0,0,0,0,0,1,2,25,512,6144,0,20992,4096,8192,1,1,1,1,0,0,0,3,10,0,1,0,2,0,0,0,0,0,0,0,0,0,0,0,1048576,8192,1048576,4096,1,3,1,0,NoPacker,0.0,0.0,13162,3.823320621276129,0,1
80,2,4,65535,184,256,4,0,0,1,1,1,0,0,1,1,0,0,0,0,0,0,1,2,25,10240,3584,0,65536,65536,131072,1,1,1,1,0,0,0,3,10,1,1,0,2,0,0,0,0,0,0,0,0,0,0,0,1048576,8192,1048576,4096,1,3,1,0,NoPacker,0.0,0.0,16384,3.058238992672611,0,1
80,2,4,65535,184,256,2,0,0,1,1,1,0,0,1,1,0,0,0,0,0,0,1,2,25,8704,0,0,4096,4096,16384,1,1,1,1,0,0,0,3,10,1,1,0,3,0,0,0,0,0,0,0,0,0,0,0,1048576,8192,1048576,4096,1,2,0,0,NoPacker,0.0,0.0,12288,0.4272662301636211,0,1
80,2,4,65535,184,256,4,0,0,1,1,1,0,0,1,1,0,0,0,0,0,0,1,2,25,7680,1536,0,4096,4096,12288,1,1,1,1,0,0,0,3,10,1,1,0,2,0,0,0,0,0,0,0,0,0,0,0,1048576,8192,1048576,4096,1,3,1,0,NoPacker,0.0,0.0,12288,5.741190228483872,0,1
80,2,4,65535,184,256,5,0,0,1,1,1,0,0,1,1,0,0,0,0,0,0,1,2,25,2560,8839,0,4096,4096,8192,1,1,1,1,0,0,0,3,10,1,1,0,2,0,0,0,0,0,0,0,0,0,0,0,1048576,8192,1048576,4096,1,4,1,1,PENinja,0.0,0.0,12935,4.142812983504982,0,1
80,2,4,65535,184,256,4,0,0,1,1,1,0,0,1,1,0,0,0,0,0,0,1,2,25,7168,1536,0,11069,4096,12288,1,1,1,1,0,0,0,3,10,1,1,0,2,0,0,0,0,0,0,0,0,0,0,0,1048576,8192,1048576,4096,1,3,1,0,NoPacker,0.0,0.0,12288,3.2294433673090124,0,1
80,2,4,65535,184,256,6,0,0,1,1,1,0,0,1,1,0,0,0,0,0,0,1,2,25,1024,9216,0,12288,4096,8192,1,1,1,1,0,0,0,3,10,1,1,0,2,0,0,0,0,0,0,0,0,0,0,0,1048576,8192,1048576,4096,1,5,1,0,NoPacker,0.0,0.0,12288,2.2559257961385524,0,1
80,2,4,65535,184,256,2,0,0,1,1,1,0,0,1,1,0,0,0,0,0,0,1,2,25,8704,0,0,4096,4096,16384,1,1,1,1,0,0,0,3,10,1,1,0,2,0,0,0,0,0,0,0,0,0,0,0,1048576,8192,1048576,4096,1,2,0,0,NoPacker,0.0,0.0,12288,0.4259556093210329,0,1
80,2,4,65535,184,256,4,0,0,1,1,1,0,0,1,1,0,0,0,0,0,0,1,2,25,5632,2560,0,4096,4096,12288,1,1,1,1,0,0,0,3,10,1,1,0,2,0,0,0,0,0,0,0,0,0,0,0,1048576,8192,1048576,4096,1,3,1,0,NoPacker,0.0,0.0,12288,4.021422110236903,0,1
80,2,4,65535,184,256,4,0,0,1,1,1,0,0,1,1,0,0,0,0,0,0,1,2,25,2048,7680,0,4096,4096,8192,1,1,1,1,0,0,0,3,10,1,1,0,2,0,0,0,0,0,0,0,0,0,0,0,1048576,8192,1048576,4096,1,3,1,0,NoPacker,0.0,0.0,12288,2.9322564287572144,0,1
144,3,4,65535,184,192,5,1,1,1,1,1,0,0,0,1,0,0,0,0,0,0,0,5,12,6212,5632,0,4096,4096,8192,1,1,1,4,0,0,0,4,0,1,1,0,2,0,0,0,0,0,0,0,0,0,0,0,1048576,4096,1048576,4096,1,5,0,0,NoPacker,0.0,0.0,12868,5.145803954977422,0,1
80,2,4,65535,184,256,6,0,0,1,1,1,0,0,1,1,0,0,0,0,0,0,1,2,25,512,7680,0,4096,4096,8192,1,1,1,1,0,0,0,3,10,1,1,0,3,0,0,0,0,0,0,0,0,0,0,0,1048576,8192,1048576,4096,1,5,1,0,NoPacker,0.0,0.0,12288,4.10269802814319,0,1
80,2,4,65535,184,256,4,0,0,1,1,1,0,0,1,1,0,0,0,0,0,0,1,2,25,4899,1536,0,20480,4096,8192,1,1,1,1,0,0,57005,3,10,0,1,0,2,0,0,0,0,0,0,0,0,0,0,0,1048576,8192,1048576,4096,1,3,1,0,NoPacker,0.0,0.0,11608,4.35813510347744,0,1
80,2,4,65535,184,256,4,0,0,1,1,1,0,0,1,1,0,0,0,0,0,0,1,2,25,8192,4096,0,65536,65536,131072,1,1,1,1,0,0,0,3,10,1,1,0,2,0,0,0,0,0,0,0,0,0,0,0,1048576,8192,1048576,4096,1,3,1,0,NoPacker,0.0,0.0,16384,3.891314972898347,0,1
80,2,4,65535,184,256,4,0,0,1,1,1,0,0,1,1,0,0,0,0,0,0,1,2,25,12288,2048,0,5120,4096,16384,1,1,1,1,0,0,0,3,10,1,1,0,2,0,0,0,0,0,0,0,0,0,0,0,1048576,8192,1048576,4096,1,3,1,0,NoPacker,0.0,0.0,16384,5.2661333993940955,0,1
80,2,4,65535,184,256,4,0,0,1,1,1,0,0,1,1,0,0,0,0,0,0,1,2,25,512,6144,0,24576,4096,8192,1,1,1,1,0,0,0,3,10,0,1,0,2,0,0,0,0,0,0,0,0,0,0,0,1048576,8192,1048576,4096,1,3,1,0,NoPacker,0.0,0.0,17433,4.046928904460447,0,1
80,2,4,65535,184,256,6,0,0,1,1,1,0,0,1,1,0,0,0,0,0,0,1,2,25,512,9728,0,12288,4096,8192,1,1,1,1,0,0,0,3,10,1,1,0,2,0,0,0,0,0,0,0,0,0,0,0,1048576,8192,1048576,4096,1,5,1,0,NoPacker,0.0,0.0,12288,1.6443420224494358,0,1
80,2,4,65535,184,256,7,0,0,1,1,1,0,0,1,1,0,0,0,0,0,0,1,2,25,512,9728,0,262144,131072,196608,1,1,1,0,11,0,0,3,10,1,1,0,2,0,0,0,0,0,0,0,0,0,0,0,1048576,8192,1048576,4096,1,5,2,0,NoPacker,0.0,0.0,16384,1.8106965062814004,0,1
144,3,4,65535,184,184,3,1,1,1,1,1,0,0,0,1,0,0,0,0,0,0,0,6,0,4096,4096,16384,4252,20480,24576,1,1,1,4,0,1,0,4,0,1,1,0,2,0,0,0,0,0,0,0,0,0,0,0,1048576,4096,1048576,4096,1,2,1,1,ProtectSharewareV11eCompservCMS,0.0,0.0,16384,2.037172558766162,0,1
80,2,4,65535,184,256,5,0,0,1,1,1,0,0,1,1,0,0,0,0,0,0,1,2,25,512,13325,0,4096,4096,8192,1,1,1,1,0,0,0,3,10,1,1,0,2,0,0,0,0,0,0,0,0,0,0,0,1048576,8192,1048576,4096,1,4,1,0,NoPacker,0.0,0.0,15373,4.170951060135131,0,1
80,2,4,65535,184,256,4,0,0,1,1,1,0,0,1,1,0,0,0,0,0,0,1,2,25,6144,1536,0,4096,4096,12288,1,1,1,1,0,0,0,3,10,1,1,0,2,0,0,0,0,0,0,0,0,0,0,0,1048576,8192,1048576,4096,1,3,1,0,NoPacker,0.0,0.0,12288,3.384322680124663,0,1
144,3,4,65535,184,128,5,1,0,1,1,1,0,0,0,1,0,0,0,0,0,0,0,4,20,8192,7680,0,4528,4096,12288,1,1,1,4,0,1,0,4,0,1,1,58035,2,0,0,0,0,0,0,0,0,0,0,0,1048576,4096,1048576,4096,1,1,4,0,NoPacker,5.297524060775498,0.0,14336,4.896609035693136,0,1
80,2,4,65535,184,256,4,0,0,1,1,1,0,0,1,1,0,0,0,0,0,0,1,2,25,512,6144,0,20992,4096,8192,1,1,1,1,0,0,0,3,10,0,1,0,2,0,0,0,0,0,0,0,0,0,0,0,1048576,8192,1048576,4096,1,3,1,0,NoPacker,0.0,0.0,12142,3.9116591353838372,0,1
248,22,4,65535,256,256,5,0,0,1,1,1,0,0,1,1,1,0,0,0,0,0,1,2,25,512,1024,0,328192,131072,196608,1,1,1,1,0,11000,0,3,10,0,1,0,2,0,0,0,0,0,0,0,0,0,0,0,65536,8192,65536,4096,1,4,1,0,NoPacker,0.0,0.0,16384,6.061639888258961,0,1
80,2,4,65535,184,256,4,0,0,1,1,1,0,0,1,1,0,0,0,0,0,0,1,2,25,10752,2048,0,4096,4096,16384,1,1,1,1,0,0,0,3,10,1,1,0,2,0,0,0,0,0,0,0,0,0,0,0,1048576,8192,1048576,4096,1,3,1,0,NoPacker,0.0,0.0,16384,4.360354555224955,0,1
80,2,4,65535,184,256,5,0,0,1,1,1,0,0,1,1,0,0,0,0,0,0,1,2,25,512,15239,0,4096,4096,8192,1,1,1,1,0,0,0,3,10,1,1,0,2,0,0,0,0,0,0,0,0,0,0,0,1048576,8192,1048576,4096,1,4,1,0,NoPacker,0.0,0.0,17287,4.459436033686641,0,1
144,3,4,65535,184,128,5,1,0,1,1,1,0,0,0,1,0,0,0,0,0,0,0,4,20,11776,8192,0,4832,4096,16384,1,1,1,4,0,1,0,4,0,1,1,47995,2,0,0,0,0,0,0,0,0,0,0,0,1048576,4096,1048576,4096,1,1,4,0,NoPacker,5.457477521044364,0.08153941234324169,18432,5.181989256710208,0,1
80,2,4,65535,184,256,4,0,0,1,1,1,0,0,1,1,0,0,0,0,0,0,1,2,25,8704,1536,0,4096,4096,16384,1,1,1,1,0,0,0,3,10,1,1,0,3,0,0,0,0,0,0,0,0,0,0,0,1048576,8192,1048576,4096,1,3,1,0,NoPacker,0.0,0.0,12288,0.6767174944070695,0,1
80,2,4,65535,184,256,4,0,0,1,1,1,0,0,1,1,0,0,0,0,0,0,1,2,25,8704,1024,0,4096,4096,16384,1,1,1,1,0,0,0,3,10,1,1,0,3,0,0,0,0,0,0,0,0,0,0,0,1048576,8192,1048576,4096,1,3,1,0,NoPacker,0.0,0.0,12288,5.604345913367427,0,1
144,3,4,65535,184,184,3,1,1,1,1,1,0,0,0,1,0,0,0,0,0,0,0,6,0,8192,8192,32768,43568,36864,45056,1,1,1,4,0,1,0,4,0,1,1,0,2,0,0,0,0,0,0,0,0,0,0,0,1048576,4096,1048576,4096,1,2,1,1,UPX290LZMAMarkusOberhumerLaszloMolnarJohnReiser,0.0,0.0,13312,6.395309142234241,0,1
80,2,4,65535,184,256,3,0,0,1,1,1,0,0,1,1,0,0,0,0,0,0,1,2,25,512,12288,0,4096,4096,8192,1,1,1,1,0,0,0,3,10,1,1,0,2,0,0,0,0,0,0,0,0,0,0,0,1048576,8192,1048576,4096,1,3,0,0,NoPacker,0.0,0.0,16384,2.03677560852047,0,1
0,0,3,0,0,64,10,1,1,1,1,1,0,0,1,1,0,0,0,0,0,0,1,2,25,8704,3584,0,12704,4096,16384,1,1,1,4,0,0,0,4,0,0,1,0,2,0,0,0,0,0,0,0,0,0,0,0,1048576,16384,1048576,4096,1,6,4,0,NoPacker,0.0,0.0,14745,5.035063417651686,0,1
144,3,4,65535,184,184,3,1,1,1,1,1,0,0,0,1,0,0,0,0,0,0,0,6,0,8192,8192,40960,52864,45056,53248,1,1,1,4,0,546,786,4,0,1,1,0,2,0,0,0,0,0,0,0,0,0,0,0,1048576,4096,1048576,4096,1,2,1,1,UPX290LZMAMarkusOberhumerLaszloMolnarJohnReiser,0.0,0.0,15360,6.308545443010707,0,1
144,3,4,65535,184,184,3,1,1,1,1,1,0,0,0,1,0,0,0,0,0,0,0,6,0,12288,4096,45056,59584,49152,61440,1,1,1,4,0,1,0,4,0,1,1,0,2,0,0,0,0,0,0,0,0,0,0,0,1048576,4096,1048576,4096,1,2,1,1,UPX290LZMAMarkusOberhumerLaszloMolnarJohnReiser,0.0,0.0,14336,7.014501819233389,0,1
80,2,4,65535,184,256,4,0,0,1,1,1,0,0,1,1,0,0,0,0,0,0,1,2,25,512,7680,0,4096,4096,8192,1,1,1,1,0,0,0,3,10,1,1,0,2,0,0,0,0,0,0,0,0,0,0,0,1048576,8192,1048576,4096,1,3,1,0,NoPacker,0.0,0.0,12288,4.158091847718974,0,1
80,2,4,65535,184,256,3,0,1,1,1,1,0,0,1,1,0,0,0,0,1,0,1,2,25,12288,4096,679936,692400,684032,696320,0,1,1,1,0,0,0,3,10,1,1,0,2,0,0,0,0,0,0,0,0,0,0,0,0,0,1048576,4096,1,3,0,0,NoPacker,0.0,0.0,11264,7.0574370692405335,0,1
80,2,4,65535,184,256,4,0,0,1,1,1,0,0,1,1,0,0,0,0,0,0,1,2,25,8704,1536,0,4096,4096,16384,1,1,1,1,0,0,0,3,10,1,1,0,2,0,0,0,0,0,0,0,0,0,0,0,1048576,8192,1048576,4096,1,3,1,0,NoPacker,0.0,0.0,12288,4.3468776857802,0,1
80,2,4,65535,184,256,4,0,0,1,1,1,0,0,1,1,0,0,0,0,0,0,1,2,25,1536,7680,0,4096,4096,8192,1,1,1,1,0,0,0,3,10,1,1,0,2,0,0,0,0,0,0,0,0,0,0,0,1048576,8192,1048576,4096,1,3,1,0,NoPacker,0.0,0.0,12288,2.9157309753215372,0,1
80,2,4,65535,184,256,4,0,0,1,1,1,0,0,1,1,0,0,0,0,0,0,1,2,25,7168,1024,0,4096,4096,12288,1,1,1,1,0,0,0,3,10,1,1,0,2,0,0,0,0,0,0,0,0,0,0,0,1048576,8192,1048576,4096,1,3,1,0,NoPacker,0.0,0.0,12288,2.9022525638001597,0,1
80,2,4,65535,184,256,4,0,0,1,1,1,0,0,1,1,0,0,0,0,0,0,1,2,25,7168,1536,0,4096,4096,12288,1,1,1,1,0,0,0,3,10,1,1,0,2,0,0,0,0,0,0,0,0,0,0,0,1048576,8192,1048576,4096,1,3,1,0,NoPacker,0.0,0.0,12288,3.9073609296047658,0,1
80,2,4,65535,184,256,3,1,1,1,1,1,0,0,1,1,0,0,0,0,0,0,1,2,25,8192,4096,45056,56864,49152,57344,1,1,1,1,0,0,0,4,0,1,1,0,2,0,0,0,0,0,0,0,0,0,0,0,1048576,16384,1048576,4096,1,3,0,1,UPXv20MarkusLaszloReiser,0.0,0.0,9728,7.271836374346339,0,1

144,3,4,65535,184,128,5,1,0,1,1,1,0,0,1,1,0,0,0,0,0,0,1,4,0,12288,0,4096,4168,4096,16384,1,1,1,4,0,1,4,4,0,1,1,65340,2,0,0,0,0,0,0,0,0,0,0,0,1048576,4096,1048576,4096,1,1,4,0,NoPacker,3.955078740837298,0.0,14848,3.8307822449630096,0,1
80,2,4,65535,184,256,4,0,0,1,1,1,0,0,1,1,0,0,0,0,0,0,1,2,25,1024,7168,0,8192,4096,8192,1,1,1,1,0,0,0,3,10,1,1,0,3,0,0,0,0,0,0,0,0,0,0,0,1048576,8192,1048576,4096,1,3,1,0,NoPacker,0.0,0.0,12288,3.157552023083644,0,1
80,2,4,65535,184,256,3,1,1,1,1,1,0,0,1,1,0,0,0,0,0,0,1,2,25,12288,4096,45056,58352,49152,61440,1,1,1,4,0,0,0,4,0,1,1,0,2,0,0,0,0,0,0,0,0,0,0,0,1048576,16384,1048576,4096,1,2,1,0,NoPacker,0.0,0.0,11264,7.438678870151182,0,1
80,2,4,65535,184,256,4,1,0,1,1,1,0,0,1,1,0,0,0,0,0,0,1,2,25,512,9216,0,136186,65536,131072,1,1,1,1,0,0,0,3,10,1,1,0,2,0,0,0,0,0,0,0,0,0,0,0,1048576,8192,1048576,4096,1,3,1,0,NoPacker,0.0,0.0,12288,4.166945867845454,0,1
80,2,4,65535,184,256,4,0,0,1,1,1,0,0,1,1,0,0,0,0,0,0,1,2,25,8704,1536,0,4096,4096,16384,1,1,1,1,0,0,0,3,10,1,1,0,2,0,0,0,0,0,0,0,0,0,0,0,1048576,8192,1048576,4096,1,3,1,0,NoPacker,0.0,0.0,12288,0.6687681766538437,0,1
144,3,4,65535,184,6272,3,1,0,1,1,1,0,0,0,1,0,0,0,0,0,0,0,5,0,108032,2560,0,10080,8192,118784,1,1,1,4,0,0,0,4,0,1,1,29331,2,0,0,0,0,0,0,0,0,0,0,0,1048576,4096,1048576,4096,1,1,2,0,NoPacker,6.4566031196060845,0.0,16384,6.650751210765283,0,1
80,2,4,65535,184,256,5,0,0,1,1,1,0,0,1,1,0,0,0,0,0,0,1,2,25,512,13283,0,4096,4096,8192,1,1,1,1,0,0,0,3,10,1,1,0,2,0,0,0,0,0,0,0,0,0,0,0,1048576,8192,1048576,4096,1,4,1,0,NoPacker,0.0,0.0,15331,4.153571219805862,0,1
80,2,4,65535,184,256,4,0,0,1,1,1,0,0,1,1,0,0,0,0,0,0,1,2,25,1024,7680,0,4096,4096,8192,1,1,1,1,0,0,0,3,10,1,1,0,2,0,0,0,0,0,0,0,0,0,0,0,1048576,8192,1048576,4096,1,3,1,0,NoPacker,0.0,0.0,12288,4.861347528700942,0,1
80,2,4,65535,184,256,3,0,0,1,1,1,0,0,1,1,0,0,0,0,0,0,1,2,25,6144,1024,0,4103,4096,12288,1,1,1,1,0,0,0,3,10,1,1,0,3,0,0,0,0,0,0,0,0,0,0,0,1048576,8192,1048576,4096,1,3,0,0,NoPacker,0.0,0.0,12288,1.7634051776648736,0,1
80,2,4,65535,184,256,4,0,0,1,1,1,0,0,1,1,0,0,0,0,0,0,1,2,25,8704,1536,0,4096,4096,16384,1,1,1,1,0,0,0,3,10,1,1,0,3,0,0,0,0,0,0,0,0,0,0,0,1048576,8192,1048576,4096,1,3,1,0,NoPacker,0.0,0.0,12288,0.6670279279415116,0,1
80,2,4,65535,184,256,4,0,0,1,1,1,0,0,1,1,0,0,0,0,0,0,1,2,25,512,6144,0,20992,4096,8192,1,1,1,1,0,0,0,3,10,0,1,0,2,0,0,0,0,0,0,0,0,0,0,0,1048576,8192,1048576,4096,1,3,1,1,PENinja,0.0,0.0,16896,4.749019030571416,0,1

80,2,4,65535,184,256,5,0,0,1,1,1,0,0,1,1,0,0,0,0,0,0,1,2,25,512,13087,0,4096,4096,8192,1,1,1,1,0,0,0,3,10,1,1,0,2,0,0,0,0,0,0,0,0,0,0,0,1048576,8192,1048576,4096,1,4,1,0,NoPacker,0.0,0.0,15135,3.7638796391700637,0,1
80,2,4,65535,184,256,4,0,0,1,1,1,0,0,1,1,0,0,0,0,0,0,1,2,25,7168,4096,0,65536,65536,131072,1,1,1,1,0,0,0,3,10,1,1,0,2,0,0,0,0,0,0,0,0,0,0,0,1048576,8192,1048576,4096,1,3,1,0,NoPacker,0.0,0.0,16384,4.151923466101162,0,1
80,2,4,65535,184,256,4,0,0,1,1,1,0,0,1,1,0,0,0,0,0,0,1,2,25,8704,4096,0,65536,65536,131072,1,1,1,1,0,0,0,3,10,1,1,0,2,0,0,0,0,0,0,0,0,0,0,0,1048576,8192,1048576,4096,1,3,1,0,NoPacker,0.0,0.0,16384,3.9849126841619724,0,1
144,3,4,65535,184,128,5,1,0,1,1,1,0,0,0,1,0,0,0,0,0,0,0,4,20,9216,7168,0,4720,4096,16384,1,1,1,4,0,1,0,4,0,1,1,32184,2,0,0,0,0,0,0,0,0,0,0,0,1048576,4096,1048576,4096,1,1,4,0,NoPacker,5.1459464534302315,0.0,14848,5.083931709546212,0,1

144,3,4,65535,184,184,2,1,1,1,1,1,0,0,0,1,0,0,0,0,0,0,0,6,0,0,9216,0,5836,4096,4096,1,1,1,4,0,0,0,4,0,1,1,10233,2,0,0,0,0,0,0,0,0,0,0,0,1048576,4096,1048576,4096,1,0,2,0,NoPacker,0.0,5.649805941613208,9728,4.621352222545212,0,1
80,2,4,65535,184,256,4,0,0,1,1,1,0,0,1,1,0,0,0,0,0,0,1,2,25,512,6656,0,4096,4096,8192,1,1,1,1,0,0,0,3,10,1,1,0,3,0,0,0,0,0,0,0,0,0,0,0,1048576,8192,1048576,4096,1,3,1,0,NoPacker,0.0,0.0,12288,3.409051811223575,0,1
80,2,4,65535,184,256,5,0,0,1,1,1,0,0,1,1,0,0,0,0,0,0,1,2,25,2560,1024,0,4096,4096,8192,1,1,1,1,0,0,0,3,10,1,1,0,2,0,0,0,0,0,0,0,0,0,0,0,1048576,8192,1048576,4096,1,4,1,0,NoPacker,0.0,0.0,9728,2.541073303624231,0,1

80,2,4,65535,184,256,4,0,0,1,1,1,0,0,1,1,0,0,0,0,0,0,1,2,25,7168,1536,0,10930,4096,12288,1,1,1,1,0,0,0,3,10,1,1,0,2,0,0,0,0,0,0,0,0,0,0,0,1048576,8192,1048576,4096,1,3,1,0,NoPacker,0.0,0.0,12288,3.1787562254983803,0,1
80,2,4,65535,184,256,4,0,0,1,1,1,0,0,1,1,0,0,0,0,0,0,1,2,25,4683,1536,0,20480,4096,8192,1,1,1,1,0,0,57005,3,10,0,1,0,2,0,0,0,0,0,0,0,0,0,0,0,1048576,8192,1048576,4096,1,3,1,0,NoPacker,0.0,0.0,11392,4.296778501122906,0,1
80,2,4,65535,184,256,4,1,0,1,1,1,0,0,1,1,0,0,0,0,0,0,1,2,25,8192,1536,0,4096,4096,12288,1,1,1,1,0,0,0,3,10,1,1,0,2,0,0,0,0,0,0,0,0,0,0,0,1048576,8192,1048576,4096,1,3,1,0,NoPacker,0.0,0.0,12288,2.3540130684581158,0,1
80,2,4,65535,184,256,3,0,0,1,1,1,0,0,1,1,0,0,0,0,0,0,1,2,25,8704,1024,0,4096,4096,16384,1,1,1,1,0,0,0,3,10,1,1,0,3,0,0,0,0,0,0,0,0,0,0,0,1048576,8192,1048576,4096,1,3,0,0,NoPacker,0.0,0.0,12288,0.5597140874957105,0,1
80,2,4,65535,184,256,4,0,0,1,1,1,0,0,1,1,0,0,0,0,0,0,1,2,25,6656,4608,0,65536,65536,131072,1,1,1,1,0,0,0,3,10,1,1,0,2,0,0,0,0,0,0,0,0,0,0,0,1048576,8192,1048576,4096,1,3,1,0,NoPacker,0.0,0.0,16384,3.9824622639177667,0,1
80,2,4,65535,184,256,3,0,1,1,1,1,0,0,1,1,0,0,0,0,1,0,1,2,25,12288,4096,679936,693152,684032,696320,0,1,1,1,0,0,0,3,10,1,1,0,2,0,0,0,0,0,0,0,0,0,0,0,0,0,1048576,4096,1,3,0,0,NoPacker,0.0,0.0,11776,7.268870551509481,0,1
80,2,4,65535,184,256,4,0,0,1,1,1,0,0,1,1,0,0,0,0,0,0,1,2,25,9728,4608,0,4096,4096,16384,1,1,1,1,0,0,0,3,10,1,1,0,2,0,0,0,0,0,0,0,0,0,0,0,1048576,8192,1048576,4096,1,3,1,0,NoPacker,0.0,0.0,16384,2.9208045195051717,0,1
80,2,4,65535,184,256,4,0,0,1,1,1,0,0,1,1,0,0,0,0,0,0,1,2,25,8704,1536,0,4096,4096,16384,1,1,1,1,0,0,0,3,10,1,1,0,2,0,0,0,0,0,0,0,0,0,0,0,1048576,8192,1048576,4096,1,3,1,0,NoPacker,0.0,0.0,12288,0.669150015630266,0,1
144,3,4,65535,184,128,5,1,0,1,1,1,0,0,0,1,0,0,0,0,0,0,0,4,20,11776,8192,0,4832,4096,16384,1,1,1,4,0,1,0,4,0,1,1,47995,2,0,0,0,0,0,0,0,0,0,0,0,1048576,4096,1048576,4096,1,1,4,0,NoPacker,5.418860883939194,0.0,18432,5.134173637805896,0,1
80,2,4,65535,184,256,4,0,0,1,1,1,0,0,1,1,0,0,0,0,0,0,1,2,25,7168,1024,0,4096,4096,12288,1,1,1,1,0,0,0,3,10,1,1,0,2,0,0,0,0,0,0,0,0,0,0,0,1048576,8192,1048576,4096,1,3,1,0,NoPacker,0.0,0.0,12288,2.8598189849462963,0,1
144,3,4,65535,184,184,3,1,1,1,1,1,0,0,0,1,0,0,0,0,0,0,0,6,0,8192,4096,32768,44032,36864,45056,1,1,1,4,0,1,0,4,0,1,1,0,2,0,0,0,0,0,0,0,0,0,0,0,1048576,4096,1048576,4096,1,2,1,1,UPX290LZMAMarkusOberhumerLaszloMolnarJohnReiser,0.0,0.0,10752,6.838600524334858,0,1
80,2,4,65535,184,256,4,0,0,1,1,1,0,0,1,1,0,0,0,0,0,0,1,2,25,7168,1536,0,11068,4096,12288,1,1,1,1,0,0,0,3,10,1,1,0,2,0,0,0,0,0,0,0,0,0,0,0,1048576,8192,1048576,4096,1,3,1,0,NoPacker,0.0,0.0,12288,3.2343199577438613,0,1
80,2,4,65535,184,256,4,0,0,1,1,1,0,0,1,1,0,0,0,0,0,0,1,2,25,6656,1536,0,4096,4096,12288,1,1,1,1,0,0,0,3,10,1,1,0,2,0,0,0,0,0,0,0,0,0,0,0,1048576,8192,1048576,4096,1,3,1,0,NoPacker,0.0,0.0,12288,3.5505171277854672,0,1
80,2,4,65535,184,256,4,0,0,1,1,1,0,0,1,1,0,0,0,0,0,0,1,2,25,9216,1536,0,4122,4096,16384,1,1,1,1,0,0,0,3,10,1,1,0,2,0,0,0,0,0,0,0,0,0,0,0,1048576,8192,1048576,4096,1,3,1,0,NoPacker,0.0,0.0,12288,4.367889408129164,0,1
144,3,4,65535,184,128,6,1,1,1,0,0,0,0,0,1,0,0,0,0,0,0,0,1,3,2560,4608,512,4519,4096,8192,1,1,1,1,0,0,0,4,0,1,1,1263423298,3,0,0,0,0,0,0,0,0,0,0,0,1048576,4096,1048576,4096,1,0,6,0,NoPacker,5.888807576386392,0.6045910443801802,19632,4.829562224727631,0,1
80,2,4,65535,184,256,4,0,0,1,1,1,0,0,1,1,0,0,0,0,0,0,1,2,25,5632,2048,0,4096,4096,12288,1,1,1,1,0,0,0,3,10,1,1,0,2,0,0,0,0,0,0,0,0,0,0,0,1048576,8192,1048576,4096,1,3,1,0,NoPacker,0.0,0.0,12288,2.922266330001439,0,1

80,2,4,65535,184,256,4,0,0,1,1,1,0,0,1,1,0,0,0,0,0,0,1,2,25,9216,1536,0,4122,4096,16384,1,1,1,1,0,0,0,3,10,1,1,0,2,0,0,0,0,0,0,0,0,0,0,0,1048576,8192,1048576,4096,1,3,1,0,NoPacker,0.0,0.0,12288,4.361577608029212,0,1
144,3,4,65535,184,128,5,1,0,1,1,1,0,0,0,1,0,0,0,0,0,0,0,4,20,4608,5632,0,4568,4096,12288,1,1,1,4,0,1,0,4,0,1,1,44348,2,0,0,0,0,0,0,0,0,0,0,0,1048576,4096,1048576,4096,1,1,4,0,NoPacker,5.066923695116537,0.0,10752,4.416489251847024,0,1
80,2,4,65535,184,256,4,0,0,1,1,1,0,0,1,1,0,0,0,0,0,0,1,2,25,5632,1536,0,4096,4096,12288,1,1,1,1,0,0,0,3,10,1,1,0,2,0,0,0,0,0,0,0,0,0,0,0,1048576,8192,1048576,4096,1,3,1,0,NoPacker,0.0,0.0,12288,3.5950156702219505,0,1
144,3,4,65535,184,200,3,1,1,1,1,1,0,0,0,1,0,0,0,0,0,0,0,6,0,16384,4096,45056,63152,49152,65536,1,1,1,4,0,1,0,4,0,1,1,0,2,0,0,0,0,0,0,0,0,0,0,0,1048576,4096,1048576,4096,1,2,1,1,UPX290LZMAMarkusOberhumerLaszloMolnarJohnReiser,0.0,0.0,17920,7.279019366631377,0,1
80,2,4,65535,184,256,4,0,0,1,1,1,0,0,1,1,0,0,0,0,0,0,1,2,25,6656,1536,0,10300,4096,12288,1,1,1,1,0,0,0,3,10,1,1,0,2,0,0,0,0,0,0,0,0,0,0,0,1048576,8192,1048576,4096,1,3,1,0,NoPacker,0.0,0.0,12288,3.703584926139064,0,1
80,2,4,65535,184,256,4,0,0,1,1,1,0,0,1,1,0,0,0,0,0,0,1,2,25,512,6656,0,4096,4096,8192,1,1,1,1,0,0,0,3,10,1,1,0,3,0,0,0,0,0,0,0,0,0,0,0,1048576,8192,1048576,4096,1,3,1,0,NoPacker,0.0,0.0,12288,1.9592429848761248,0,1
80,2,4,65535,184,256,4,0,0,1,1,1,0,0,1,1,0,0,0,0,0,0,1,2,25,512,6144,0,4096,4096,8192,1,1,1,1,0,0,0,3,10,0,1,0,2,0,0,0,0,0,0,0,0,0,0,0,1048576,8192,1048576,4096,1,3,1,0,NoPacker,0.0,0.0,9926,2.6552035683298914,0,1
144,3,4,65535,184,128,5,1,0,1,1,1,0,0,0,1,0,0,0,0,0,0,0,4,20,5632,6656,0,4464,4096,12288,1,1,1,4,0,1,0,4,0,1,1,34123,2,0,0,0,0,0,0,0,0,0,0,0,1048576,4096,1048576,4096,1,1,4,0,NoPacker,4.7121492230224575,0.0,11264,4.257867368791197,0,1
144,3,4,65535,184,184,3,1,1,1,1,1,0,0,0,1,0,0,0,0,0,0,0,6,0,12288,8192,32768,44784,36864,49152,1,1,1,4,0,1,0,4,0,1,1,0,2,0,0,0,0,0,0,0,0,0,0,0,1048576,4096,1048576,4096,1,2,1,1,UPX290LZMAMarkusOberhumerLaszloMolnarJohnReiser,0.0,0.0,14848,6.7490857245665286,0,1
80,2,4,65535,184,256,6,0,0,1,1,1,0,0,1,1,0,0,0,0,0,0,1,2,25,512,8192,0,12288,4096,8192,1,1,1,1,0,0,0,3,10,1,1,0,2,0,0,0,0,0,0,0,0,0,0,0,1048576,8192,1048576,4096,1,5,1,0,NoPacker,0.0,0.0,12288,1.4015395514289648,0,1
80,2,4,65535,184,256,4,0,0,1,1,1,0,0,1,1,0,0,0,0,0,0,1,2,25,512,7680,0,12288,4096,8192,1,1,1,1,0,0,0,3,10,1,1,0,3,0,0,0,0,0,0,0,0,0,0,0,1048576,8192,1048576,4096,1,4,0,0,NoPacker,0.0,0.0,12288,1.3148148017818342,0,1
80,2,4,65535,184,256,4,0,0,1,1,1,0,0,1,1,0,0,0,0,0,0,1,2,25,4608,3584,0,4096,4096,12288,1,1,1,1,0,0,0,3,10,1,1,0,2,0,0,0,0,0,0,0,0,0,0,0,1048576,8192,1048576,4096,1,3,1,0,NoPacker,0.0,0.0,12288,2.4655995028049142,0,1
80,2,4,65535,184,256,4,0,0,1,1,1,0,0,1,1,0,0,0,0,0,0,1,2,25,9216,1536,0,4122,4096,16384,1,1,1,1,0,0,0,3,10,1,1,0,2,0,0,0,0,0,0,0,0,0,0,0,1048576,8192,1048576,4096,1,3,1,0,NoPacker,0.0,0.0,12288,4.358717557544537,0,1
80,2,4,65535,184,256,4,0,0,1,1,1,0,0,1,1,0,0,0,0,0,0,1,2,25,12288,2048,0,5120,4096,16384,1,1,1,1,0,0,0,3,10,1,1,0,2,0,0,0,0,0,0,0,0,0,0,0,1048576,8192,1048576,4096,1,3,1,0,NoPacker,0.0,0.0,16384,5.219457393944796,0,1
144,3,4,65535,184,240,4,1,1,1,1,1,0,0,0,1,0,0,0,0,0,0,0,7,10,7168,3584,0,9200,4096,12288,0,1,1,4,0,0,0,4,0,1,1,0,2,0,0,0,0,1,0,0,0,0,0,0,1048576,4096,1048576,4096,1,0,4,0,NoPacker,5.9460614241602,0.43563947243894613,11776,5.653405374037827,0,1
80,2,4,65535,184,256,4,1,0,1,1,1,0,0,1,1,0,0,0,0,0,0,1,2,25,6656,2048,0,65536,65536,131072,1,1,1,1,0,0,0,3,10,1,1,0,3,0,0,0,0,0,0,0,0,0,0,0,1048576,8192,1048576,4096,1,3,1,0,NoPacker,0.0,0.0,12288,4.104965488079347,0,1
144,3,4,65535,184,128,3,1,1,1,1,1,0,0,0,1,0,0,0,0,0,0,0,4,20,8192,4096,32768,42960,36864,45056,1,1,1,4,0,1,0,4,0,1,1,0,2,0,0,0,0,0,0,0,0,0,0,0,1048576,4096,1048576,4096,1,2,1,1,UPX290LZMAMarkusOberhumerLaszloMolnarJohnReiser,0.0,0.0,13312,5.346812538768182,0,1
144,3,4,65535,184,184,3,1,1,1,1,1,0,0,0,1,0,0,0,0,0,0,0,6,0,4096,4096,16384,22288,20480,24576,1,1,1,4,0,1,0,4,0,1,1,0,2,0,0,0,0,0,0,0,0,0,0,0,1048576,4096,1048576,4096,1,2,1,1,UPX290LZMAMarkusOberhumerLaszloMolnarJohnReiser,0.0,0.0,11780,4.730347498704871,0,1
248,22,4,65535,256,256,5,0,0,1,1,1,0,0,1,1,1,0,0,0,0,0,1,2,25,512,1024,0,328192,131072,196608,1,1,1,1,0,0,0,3,10,0,1,0,2,0,0,0,0,0,0,0,0,0,0,0,65536,8192,65536,4096,1,4,1,0,NoPacker,0.0,0.0,16384,6.089072987968538,0,1
80,2,4,65535,184,256,4,0,0,1,1,1,0,0,1,1,0,0,0,0,0,0,1,2,25,3584,3584,0,65536,65536,131072,1,1,1,1,0,0,0,3,10,1,1,0,2,0,0,0,0,0,0,0,0,0,0,0,1048576,8192,1048576,4096,1,3,1,0,NoPacker,0.0,0.0,12288,2.668506434302205,0,1
144,3,4,65535,184,128,5,1,0,1,1,1,0,0,0,1,0,0,0,0,0,0,0,4,20,4608,7168,0,4396,4096,12288,1,1,1,4,0,1,0,4,0,1,1,36001,2,0,0,0,0,0,0,0,0,0,0,0,1048576,4096,1048576,4096,1,1,4,0,NoPacker,4.577086451317453,0.0,10752,4.069568379134211,0,1
80,2,4,65535,184,256,4,0,0,1,1,1,0,0,1,1,0,0,0,0,0,0,1,2,25,8704,1536,0,705,4096,16384,1,1,1,1,0,0,0,3,10,1,1,0,3,0,0,0,0,0,0,0,0,0,0,0,1048576,8192,1048576,4096,1,3,1,0,NoPacker,0.0,0.0,20480,1.439891167743229,0,1
144,3,4,65535,184,128,3,1,1,1,1,1,0,0,0,1,0,0,0,0,0,0,0,4,20,9728,7680,0,4272,4096,16384,1,1,1,4,0,1,1,4,0,1,1,72200,2,0,0,0,0,0,0,0,0,0,0,0,1048576,4096,1048576,4096,1,3,0,0,NoPacker,0.0,0.0,13816,4.46627119983968,0,1
144,3,4,65535,184,128,6,1,0,1,1,1,0,0,0,1,0,0,0,0,0,0,0,3,10,2560,4096,0,25088,4096,8192,1,1,1,4,0,0,0,4,0,1,1,0,2,0,0,0,0,0,0,0,0,0,0,0,1048576,4096,1048576,4096,1,1,5,0,NoPacker,5.726897861297531,4.516834017116474,15360,6.517573682809609,0,1
144,3,4,65535,184,184,3,1,1,1,1,1,0,0,0,1,0,0,0,0,0,0,0,6,0,4096,4096,20480,4192,24576,28672,1,1,1,4,0,1,0,4,0,1,1,0,2,0,0,0,0,0,0,0,0,0,0,0,1048576,4096,1048576,4096,1,2,1,0,NoPacker,0.0,0.0,19968,1.864689855339033,0,1
80,2,4,65535,184,256,4,0,0,1,1,1,0,0,1,1,0,0,0,0,0,0,1,2,25,10752,1024,0,4096,4096,16384,1,1,1,1,0,0,0,3,10,1,1,0,3,0,0,0,0,0,0,0,0,0,0,0,131072,8192,131072,4096,1,3,1,0,NoPacker,0.0,0.0,16384,5.226129506888766,0,1
80,2,4,65535,184,256,3,1,1,1,1,1,0,0,1,1,0,0,0,0,1,0,1,2,25,12288,4096,679936,693120,684032,696320,0,1,1,1,0,0,0,3,10,1,1,0,2,0,0,0,0,0,0,0,0,0,0,0,0,0,1048576,4096,1,3,0,0,NoPacker,0.0,0.0,11776,7.248409951669296,0,1
80,2,4,65535,184,256,4,0,0,1,1,1,0,0,1,1,0,0,0,0,0,0,1,2,25,7168,2048,0,4096,4096,12288,1,1,1,1,0,0,0,3,10,1,1,0,2,0,0,0,0,0,0,0,0,0,0,0,1048576,8192,1048576,4096,1,3,1,0,NoPacker,0.0,0.0,12288,4.087373259142417,0,1
80,2,4,65535,184,256,3,1,0,1,1,1,0,0,1,1,0,0,0,0,0,0,1,2,25,8192,1024,0,4096,4096,12288,1,1,1,1,0,0,0,3,10,1,1,0,3,0,0,0,0,0,0,0,0,0,0,0,1048576,8192,1048576,4096,1,3,0,0,NoPacker,0.0,0.0,12288,2.2856629286810732,0,1
80,2,4,65535,184,256,4,0,0,1,1,1,0,0,1,1,0,0,0,0,0,0,1,2,25,512,7168,0,4096,4096,8192,1,1,1,1,0,0,0,3,10,1,1,0,2,0,0,0,0,0,0,0,0,0,0,0,1048576,8192,1048576,4096,1,4,0,0,NoPacker,0.0,0.0,12288,4.053013163219526,0,1
144,3,4,65535,184,184,3,1,1,1,1,1,0,0,0,1,0,0,0,0,0,0,0,6,0,12288,8192,40960,54784,45056,57344,1,1,1,4,0,1,0,4,0,1,1,0,2,0,0,0,0,0,0,0,0,0,0,0,1048576,4096,1048576,4096,1,2,1,1,UPX290LZMAMarkusOberhumerLaszloMolnarJohnReiser,0.0,0.0,17408,6.532467047681645,0,1
0,16,4,65535,256,256,5,1,0,1,1,1,0,0,1,1,1,0,0,0,0,0,1,2,25,512,1024,0,332800,131072,196608,1,1,1,1,0,0,0,3,10,0,1,0,2,0,0,0,0,0,0,0,0,0,0,0,65536,8192,65536,4096,1,4,1,0,NoPacker,0.0,0.0,9728,1.6177586857521078,0,1
80,2,4,65535,184,256,4,0,0,1,1,1,0,0,1,1,0,0,0,0,0,0,1,2,25,6144,3584,0,65536,65536,131072,1,1,1,1,0,0,0,3,10,1,1,0,2,0,0,0,0,0,0,0,0,0,0,0,1048576,8192,1048576,4096,1,3,1,0,NoPacker,0.0,0.0,12288,4.039885987187596,0,1
80,2,4,65535,184,256,3,1,0,1,1,1,0,0,1,1,0,0,0,0,1,0,1,2,25,12288,4096,36864,48912,40960,53248,1,1,1,4,0,0,0,4,0,1,1,0,3,0,0,0,0,0,0,0,0,0,0,0,0,0,1048576,4096,1,2,1,0,NoPacker,0.0,0.0,10752,7.000423703561587,0,1
