fileName,MD5hash
2818e104c208a32e01dd2ca2808e4c64,2818e104c208a32e01dd2ca2808e4c64
1e2c2b990ead71136322e62cb0b12cbc,1e2c2b990ead71136322e62cb0b12cbc
862a5b3efc8e9b1b4856ba9c3c8e905f,862a5b3efc8e9b1b4856ba9c3c8e905f
239ca778ffd29626203dafc67b204516,239ca778ffd29626203dafc67b204516
2f8a190076377e02bf02d6182fc52a2b,2f8a190076377e02bf02d6182fc52a2b
8d000a3d1c6d6dc22f79b4b9bf6b48d7,8d000a3d1c6d6dc22f79b4b9bf6b48d7
e15ef112fd6c273febda7fef3bb90808,e15ef112fd6c273febda7fef3bb90808
8edf81de08690cd260a159e5ff3ce1c6,8edf81de08690cd260a159e5ff3ce1c6
fcb102c5f7d48c8f12216af690656001,fcb102c5f7d48c8f12216af690656001
2bdd83886e84bfaad6316da7b2e772dd,2bdd83886e84bfaad6316da7b2e772dd
7d195f757848a986ffa3fb058bca70a6,7d195f757848a986ffa3fb058bca70a6
1b087b421bec41c06d688b55bf49b886,1b087b421bec41c06d688b55bf49b886
9e7a3898ebc039004ec835bfa85bfb6b,9e7a3898ebc039004ec835bfa85bfb6b
49285b60d11a2a41c33730d556ef055b,49285b60d11a2a41c33730d556ef055b
f292e5a1e2d0f17850cbb31de3747641,f292e5a1e2d0f17850cbb31de3747641
3111c14fcf82b5fb9b2894e6acac582b,3111c14fcf82b5fb9b2894e6acac582b
5e0ab40d3df12a9ae56df88d8424cb04,5e0ab40d3df12a9ae56df88d8424cb04
9defb3347cf7385f4704eaa841179b81,9defb3347cf7385f4704eaa841179b81
e354a5a8f9c9ce0f1d88aa26f4ea4c3e,e354a5a8f9c9ce0f1d88aa26f4ea4c3e
da870ba9b24fc9dc92580810b2a6ddd6,da870ba9b24fc9dc92580810b2a6ddd6
27ff8e9518188061a71391b463172e0f,27ff8e9518188061a71391b463172e0f
01c3577438c6c6ccbc4582649fc3f0bc,01c3577438c6c6ccbc4582649fc3f0bc
3518f16ec9609a86b38aea5bf82f2210,3518f16ec9609a86b38aea5bf82f2210
f862cf86e59d3703d07193f8c625e2ec,f862cf86e59d3703d07193f8c625e2ec
72b9a21d3e544c26a403368cfa995615,72b9a21d3e544c26a403368cfa995615
d92c007342be639b870422a7490e5322,d92c007342be639b870422a7490e5322
07019a192ed7b6a69648581cd6153be2,07019a192ed7b6a69648581cd6153be2
1aa3eefbcfc17805eafaa80f2e07459c,1aa3eefbcfc17805eafaa80f2e07459c
41a4f05891eecf1e84ecdb7c751a2450,41a4f05891eecf1e84ecdb7c751a2450
ae898f7dabd29ec8aa4ef8924bbdb46f,ae898f7dabd29ec8aa4ef8924bbdb46f
85ebe4e68762a40d58210cea8020f44b,85ebe4e68762a40d58210cea8020f44b
06363fe37333e25c207dec2062db4a9f,06363fe37333e25c207dec2062db4a9f
1d3b60d9685f6c488453fd8db537020e,1d3b60d9685f6c488453fd8db537020e
c46503de21ad8ce73f72d5e0c59cbb68,c46503de21ad8ce73f72d5e0c59cbb68
4c256614060745be94639cdd40f4fb95,4c256614060745be94639cdd40f4fb95
1fea04bac8dd0065b921ac178577d3b4,1fea04bac8dd0065b921ac178577d3b4
26d893514b631ef1d5255f711895be09,26d893514b631ef1d5255f711895be09
a7c4e6aff057f34f386847f7422b5718,a7c4e6aff057f34f386847f7422b5718
3e75d9de7456c7c4d0612076404240a9,3e75d9de7456c7c4d0612076404240a9
89b8358dd248935c5ce34d59c6a55d37,89b8358dd248935c5ce34d59c6a55d37
e67f7bd21205cdc9961e6ba173c15996,e67f7bd21205cdc9961e6ba173c15996
d2f98cab54eb9374a82bfbb131603366,d2f98cab54eb9374a82bfbb131603366
f1821ba84ad3c9dcfbf6312ce3bf906a,f1821ba84ad3c9dcfbf6312ce3bf906a
d8cf9b6d8424afdd6b45fdd9552bfb22,d8cf9b6d8424afdd6b45fdd9552bfb22
b2307f84eca0c694acbdb9c1ffd6ee95,b2307f84eca0c694acbdb9c1ffd6ee95
f8d8a4352d1125e2a421c48a555708a8,f8d8a4352d1125e2a421c48a555708a8
049bfd6fffb0272277d89093347d5793,049bfd6fffb0272277d89093347d5793
ac74bda5b8b3e32cb37504b3e5828e5f,ac74bda5b8b3e32cb37504b3e5828e5f
8311575eee07e5a44d51ce643e917472,8311575eee07e5a44d51ce643e917472
115b8d5724eadd153d530827f4399ec1,115b8d5724eadd153d530827f4399ec1
f38c7d39ec27934bc2951c14e1f1a964,f38c7d39ec27934bc2951c14e1f1a964
df3923b9e235387e6297a2152bf4e95f,df3923b9e235387e6297a2152bf4e95f
66663a94c0ecdc673dc658799fb5a5c6,66663a94c0ecdc673dc658799fb5a5c6
b65335eb3c0c80eb25698b4fe7bd3e84,b65335eb3c0c80eb25698b4fe7bd3e84
53f5a13bc08c91e0740ceb3e97b5259a,53f5a13bc08c91e0740ceb3e97b5259a
293204217d0234a69e031771f75ee4c1,293204217d0234a69e031771f75ee4c1
c596a584a9702d919849071b09745b20,c596a584a9702d919849071b09745b20
ba9af2ac79b5a2d8cb3925aa6647e8f0,ba9af2ac79b5a2d8cb3925aa6647e8f0
bb31460ee274e8643e633a56feb6a337,bb31460ee274e8643e633a56feb6a337
dc5f1cd0a5b18471d62154a369d9b7cb,dc5f1cd0a5b18471d62154a369d9b7cb
6a33512ba86f394e4179d855d67e675f,6a33512ba86f394e4179d855d67e675f
7c59b9e4de53d83f52b45f36c97740cd,7c59b9e4de53d83f52b45f36c97740cd
35fcd2efeb9a58066d788e23f6e9ac1f,35fcd2efeb9a58066d788e23f6e9ac1f
1a35f2e9228a60e3f8234548fb90acad,1a35f2e9228a60e3f8234548fb90acad
e188034e004a46f7975ebe81413a330b,e188034e004a46f7975ebe81413a330b
d3f503535c86b16f3e119a6d42bf8d51,d3f503535c86b16f3e119a6d42bf8d51
6fcf22fc425bdfbf052c83992f788d99,6fcf22fc425bdfbf052c83992f788d99
8e18cbc89ad135b631f8ed5b78262742,8e18cbc89ad135b631f8ed5b78262742
1ce865a487e756cd0bb5524b1fed42a1,1ce865a487e756cd0bb5524b1fed42a1
79763820718411c25a5d6cc2414b198f,79763820718411c25a5d6cc2414b198f
9140ebd9e95c286d558a51854578a2d3,9140ebd9e95c286d558a51854578a2d3
f4bf0a58ab0f3ef7ba3024128a84646b,f4bf0a58ab0f3ef7ba3024128a84646b
b06027fb7a93d97b6512bd9c256bf0b1,b06027fb7a93d97b6512bd9c256bf0b1
9b5ad117214e7262cbf364ae8a8be18b,9b5ad117214e7262cbf364ae8a8be18b
eb56dc5ff6ecfa69cfcc6daac968dee5,eb56dc5ff6ecfa69cfcc6daac968dee5
4fb41cb96452554bb2d7b05ea5e3d49f,4fb41cb96452554bb2d7b05ea5e3d49f
be3a8421dff736d99727a1a61375c183,be3a8421dff736d99727a1a61375c183
a8bd8b1d4f57c5a07258b90b6b2a1443,a8bd8b1d4f57c5a07258b90b6b2a1443
cca1a76445527a33c8b12ab20d353433,cca1a76445527a33c8b12ab20d353433
85a819a5fab29c1dbb51e13e5aca8e42,85a819a5fab29c1dbb51e13e5aca8e42
160626202b482baa2c31effc6f07b8f7,160626202b482baa2c31effc6f07b8f7
4b801976d075c03bc41b2e705cb81c93,4b801976d075c03bc41b2e705cb81c93
2af7cde70551ac194ceffecff2449fd3,2af7cde70551ac194ceffecff2449fd3
73301690f537912700ab4952f1d201bf,73301690f537912700ab4952f1d201bf
6aa867c177d1146788a16ea30eb71b87,6aa867c177d1146788a16ea30eb71b87
412415ab84d609a7356365f009183f73,412415ab84d609a7356365f009183f73
deee9f327b7c9dd1e154d59b976f432a,deee9f327b7c9dd1e154d59b976f432a
5ac3f1593ab9e7403b63e67fd3af9a61,5ac3f1593ab9e7403b63e67fd3af9a61
2aa5c83f35fd1ab6c64681949761bf2a,2aa5c83f35fd1ab6c64681949761bf2a
3209ff824bc3b87dc77d72bc77009d4c,3209ff824bc3b87dc77d72bc77009d4c
510e8c41abec48850f6184c722425511,510e8c41abec48850f6184c722425511
5a674ab145a29dd7b3dee559ae622b4f,5a674ab145a29dd7b3dee559ae622b4f
30b1d89072e4203fcfe751f3a0833b3a,30b1d89072e4203fcfe751f3a0833b3a
ff11817dab5d85b7f978d2c7da366a85,ff11817dab5d85b7f978d2c7da366a85
9fce92cfd22c9445de82ec0efeb420e7,9fce92cfd22c9445de82ec0efeb420e7
58c8994ea9f1278820c265563836a51a,58c8994ea9f1278820c265563836a51a
f43368f08cf9cf6919757996b38f3955,f43368f08cf9cf6919757996b38f3955
40c2324b377eaf6aed9716dbf795a276,40c2324b377eaf6aed9716dbf795a276
b4a261d48268019c013557525160290c,b4a261d48268019c013557525160290c
988f6557958b4c325a4a930bc942a474,988f6557958b4c325a4a930bc942a474
7098ca6ea0e08917080b0b6b94970e32,7098ca6ea0e08917080b0b6b94970e32
3e27e0437cdde730177521cb9a87171f,3e27e0437cdde730177521cb9a87171f
301d7be0b11f26a9f7c32200f4862f5f,301d7be0b11f26a9f7c32200f4862f5f
d2df4ed7b0653130e18cdc4730099caa,d2df4ed7b0653130e18cdc4730099caa
d2cf1fdc3681f809f30632d47e077641,d2cf1fdc3681f809f30632d47e077641
88050cc6b06d21c8168ff793cb548397,88050cc6b06d21c8168ff793cb548397
75bdf1e21ea7c8bb636ae5cfef15e210,75bdf1e21ea7c8bb636ae5cfef15e210
91067a9e6d69731a45a45ea667840b3a,91067a9e6d69731a45a45ea667840b3a
06a90f8a8f36401ad5022f5467e817cf,06a90f8a8f36401ad5022f5467e817cf
ebcde85242e0079a4ddf1aeb1a6d8d91,ebcde85242e0079a4ddf1aeb1a6d8d91
1aa79135c1aa9b97f7719e876376b854,1aa79135c1aa9b97f7719e876376b854
34372673cbc1b8d07528182cf30932e8,34372673cbc1b8d07528182cf30932e8
a858a4962220d9e61d5e83c58ea07831,a858a4962220d9e61d5e83c58ea07831
e4f133ea5a2ad1974cd2ce74362f73ba,e4f133ea5a2ad1974cd2ce74362f73ba
9d5d2ab44263c69c813f371a87cd2d05,9d5d2ab44263c69c813f371a87cd2d05
60b5c784b6e3b7e26dcc47d36945a3ca,60b5c784b6e3b7e26dcc47d36945a3ca
449ac57443859ab3dd5c0f424068ef58,449ac57443859ab3dd5c0f424068ef58
892ecc2529372f5a94484bbf3b6296ba,892ecc2529372f5a94484bbf3b6296ba
262b591aedaeaf5a9f0ee14db93a5f14,262b591aedaeaf5a9f0ee14db93a5f14
23ae0cb6ac02c994ca7edb8944f7272a,23ae0cb6ac02c994ca7edb8944f7272a
092216b00d017fb56dd330e3a64493c6,092216b00d017fb56dd330e3a64493c6
46dbf9ecd47c475f9d4fc7d5d41601bf,46dbf9ecd47c475f9d4fc7d5d41601bf
7570917cb4c1aab4d5ce2ba6106b6484,7570917cb4c1aab4d5ce2ba6106b6484
df017d817724e1a5690bc7e8eb9a4dbc,df017d817724e1a5690bc7e8eb9a4dbc
5f916ff65a3bad2de6000586e83c9faa,5f916ff65a3bad2de6000586e83c9faa
763e069a1adc98fc1c457a41704bef28,763e069a1adc98fc1c457a41704bef28
38fd74af9ef1b95830201e1786dd30d6,38fd74af9ef1b95830201e1786dd30d6
2cba462f3c2953fce0a2b54d0a88be27,2cba462f3c2953fce0a2b54d0a88be27
3f3f29d39db95a5122b645981b3882a6,3f3f29d39db95a5122b645981b3882a6
3881d76a7b7b8ceb66e6d8118af5cb1a,3881d76a7b7b8ceb66e6d8118af5cb1a
afde6c18e0a8c1a03d38271b6c5d6e99,afde6c18e0a8c1a03d38271b6c5d6e99
ef13b6b74f9abd29b0b443eeed2c4e1a,ef13b6b74f9abd29b0b443eeed2c4e1a
cc3b85423b1f343d6c03ba784889740e,cc3b85423b1f343d6c03ba784889740e
9c6617e350777a01fec6cf8534247046,9c6617e350777a01fec6cf8534247046
7d8469939ab5df8e776754818fb6b4c8,7d8469939ab5df8e776754818fb6b4c8
b605b2363f3a645567e11bdb6dfdbb5a,b605b2363f3a645567e11bdb6dfdbb5a
49bf9f4545c26edc2bca0e87072b6c14,49bf9f4545c26edc2bca0e87072b6c14
e0e8ed2da503ebd1d2be71e2a720316e,e0e8ed2da503ebd1d2be71e2a720316e
412c8006e3d3a272ab8f23a7423d9fae,412c8006e3d3a272ab8f23a7423d9fae
4a64fbf98d489452380210981ffa807c,4a64fbf98d489452380210981ffa807c
50f711862208a0fa1523eae7fe79327e,50f711862208a0fa1523eae7fe79327e
6647a6136fde049e9ddca69d03878d32,6647a6136fde049e9ddca69d03878d32
68f8709582af252dcc360b1569519d7d,68f8709582af252dcc360b1569519d7d
f5f6495b69bbcab6c42ef3fa887265c1,f5f6495b69bbcab6c42ef3fa887265c1
4960e53c9116c32e69fb0ff8a4f5cf24,4960e53c9116c32e69fb0ff8a4f5cf24
5c96c0ed37bd5075d9981b3be54a7b91,5c96c0ed37bd5075d9981b3be54a7b91
ef1e383f9e6bbd9468f73acfbd60d03f,ef1e383f9e6bbd9468f73acfbd60d03f
ca3e195032c9ec56dc13c0f10a168cdc,ca3e195032c9ec56dc13c0f10a168cdc
68dc81e2d758d4d5ee1f6b7b8db35e5b,68dc81e2d758d4d5ee1f6b7b8db35e5b
a51633eea636a1e469dbe5cb80c4ceb8,a51633eea636a1e469dbe5cb80c4ceb8
f5c2934ca9f54c475f02793df64c67be,f5c2934ca9f54c475f02793df64c67be
268d94e6e055934b8b4a4cee17186696,268d94e6e055934b8b4a4cee17186696
ae94a91c9092cb664f848106dfe6cfe1,ae94a91c9092cb664f848106dfe6cfe1
42e03d1b0d40fd8aa0672f017604bd48,42e03d1b0d40fd8aa0672f017604bd48
158a54aa865dd71167050bbe94b394ff,158a54aa865dd71167050bbe94b394ff
027acc537f9fdc62544dfa22aaafee4a,027acc537f9fdc62544dfa22aaafee4a
07da3f5f31a82c98b5851af113f37564,07da3f5f31a82c98b5851af113f37564
f1d2fb28dde094ed74f045bc720eb228,f1d2fb28dde094ed74f045bc720eb228
b0ad37aff85eb706876c213d2b02be3e,b0ad37aff85eb706876c213d2b02be3e
82f462b3d75bae7dc013a9481118d02a,82f462b3d75bae7dc013a9481118d02a
cc3306620565d11f15b00f00d9257da2,cc3306620565d11f15b00f00d9257da2
2acfa5284557d1f282423df421bcac50,2acfa5284557d1f282423df421bcac50
ff89b85b9dcc4e91b685fca0a0c11c3e,ff89b85b9dcc4e91b685fca0a0c11c3e
098b36078e942379409bcc1eab805810,098b36078e942379409bcc1eab805810
192c16542cd195ac1c4845cc6b99afab,192c16542cd195ac1c4845cc6b99afab
eb31c19802fc0519e5f7438f202618ad,eb31c19802fc0519e5f7438f202618ad
ae89b789cb52c20314b986d9f576f350,ae89b789cb52c20314b986d9f576f350
23c61ecc52902a57e3d8fd03faf196f0,23c61ecc52902a57e3d8fd03faf196f0
c8d8f4aac8ad0b0f6d6336c8d3c7d5bc,c8d8f4aac8ad0b0f6d6336c8d3c7d5bc
84f7c416e0c74cfb2091198638fc8bf1,84f7c416e0c74cfb2091198638fc8bf1
4a3cf9d9b098ed2ec0411545f3a9d755,4a3cf9d9b098ed2ec0411545f3a9d755
69f7b2d423a794cc90d1ab77264d0e5c,69f7b2d423a794cc90d1ab77264d0e5c
be50d55cc45a4984254f90d28cd04011,be50d55cc45a4984254f90d28cd04011
fe176e2994239024d7917312f83dc390,fe176e2994239024d7917312f83dc390
d0fa6d47d348658f27b1ece8e6a58498,d0fa6d47d348658f27b1ece8e6a58498
f1835d569afd7b439ad41e5b97434043,f1835d569afd7b439ad41e5b97434043
2e7a33a69b6a45e644fc29930ebe1891,2e7a33a69b6a45e644fc29930ebe1891
66f9185d3247fbc2d6957084ab71e777,66f9185d3247fbc2d6957084ab71e777
5233058df43b442f08d39d5bc92a6a02,5233058df43b442f08d39d5bc92a6a02
cc99217017a827bbc50d6e1857bf0129,cc99217017a827bbc50d6e1857bf0129
30d6a2b2829d1fea68a481b919d7be37,30d6a2b2829d1fea68a481b919d7be37
b3a9b43a99d9c1a44b28cb133e67013c,b3a9b43a99d9c1a44b28cb133e67013c
7717b0f79da72b7b413737f01e77d046,7717b0f79da72b7b413737f01e77d046
96ab56ecaf518e6fe1bc60eb8a381b61,96ab56ecaf518e6fe1bc60eb8a381b61
b6bbea0170275da3fb47435ec888e74a,b6bbea0170275da3fb47435ec888e74a
05246f361723fa0a9d6b0414d7c9656b,05246f361723fa0a9d6b0414d7c9656b
fa2d955638f6c153b1d7fef903fbb303,fa2d955638f6c153b1d7fef903fbb303
334215be25fe0b1d4ce4286318fd0472,334215be25fe0b1d4ce4286318fd0472
e89b6716295583d767588edbbd7df872,e89b6716295583d767588edbbd7df872
7c0cd57a1c03cb499effad4ae927cbef,7c0cd57a1c03cb499effad4ae927cbef
5cec778ecb4b1f359bffbed59d208ef8,5cec778ecb4b1f359bffbed59d208ef8
69c5ffa6fc2b9127d13e62c88e5b603e,69c5ffa6fc2b9127d13e62c88e5b603e
25f2c5bd848b29608e51ff3932bee995,25f2c5bd848b29608e51ff3932bee995
2c2a9f360f45abfe7efd5aadea122cbb,2c2a9f360f45abfe7efd5aadea122cbb
a9bc8c8f4e53eb73de4178ba7907b72f,a9bc8c8f4e53eb73de4178ba7907b72f
584655a11ad3ddc40f2de4b14fa156f9,584655a11ad3ddc40f2de4b14fa156f9
6117fe5cb88546d263746b2103607f72,6117fe5cb88546d263746b2103607f72
dc3fab0740a67b68a03233db979db7b5,dc3fab0740a67b68a03233db979db7b5
2ba9b552b78ee8600ff095639b50dd92,2ba9b552b78ee8600ff095639b50dd92
ae8093b3561057676c327823b55be034,ae8093b3561057676c327823b55be034
d9f15739c6dad329611be86d1299b2f5,d9f15739c6dad329611be86d1299b2f5
61e977d8a312cae0e821a9af9d3003dd,61e977d8a312cae0e821a9af9d3003dd
467b6814e86aaf0247b55412a18e4121,467b6814e86aaf0247b55412a18e4121
2e906ee83fe3d52ffa562d4ab1dd2a7b,2e906ee83fe3d52ffa562d4ab1dd2a7b
e9b095f8307a832d5e6031ad4ef85438,e9b095f8307a832d5e6031ad4ef85438
36a649b160621096f6e31814ba1a131d,36a649b160621096f6e31814ba1a131d
e9b5391df6659f90c9576eb41157e882,e9b5391df6659f90c9576eb41157e882
64ba712432cf2d609a7022af4aabfdfc,64ba712432cf2d609a7022af4aabfdfc
9920f95ab4438a1b4e023a6a1845d75d,9920f95ab4438a1b4e023a6a1845d75d
9247b70ace4c88171334c42bfcdde400,9247b70ace4c88171334c42bfcdde400
3cb16243c8f83154f3592c3fe3ff49cf,3cb16243c8f83154f3592c3fe3ff49cf
f2d1d7c8fd9f87f6c608bb1f10530026,f2d1d7c8fd9f87f6c608bb1f10530026
3b32a9566f0701cf47ce504d3d9fc688,3b32a9566f0701cf47ce504d3d9fc688
c423bdf27b1e63c2490217f4d7b19159,c423bdf27b1e63c2490217f4d7b19159
eec4fb6fc7560194f5e704ae69bff83a,eec4fb6fc7560194f5e704ae69bff83a
c1eebb48826ec1e226d447454131f802,c1eebb48826ec1e226d447454131f802
95703645eb6d9e303eba99cf75ed22a7,95703645eb6d9e303eba99cf75ed22a7
c240d227abee1da1b92d5626593b718b,c240d227abee1da1b92d5626593b718b
43b18a210e016c175c1956c801c15699,43b18a210e016c175c1956c801c15699
c8b50287337ca9e3c1868385ddb62995,c8b50287337ca9e3c1868385ddb62995
7c451020e871afa0a57514d7d92d0756,7c451020e871afa0a57514d7d92d0756
561c40461f83f3d697049e0d569c4fad,561c40461f83f3d697049e0d569c4fad
4d277ec8e713e9f0530e0262085ef21e,4d277ec8e713e9f0530e0262085ef21e
216f5e706dced60e2b8b9a4140f86ca8,216f5e706dced60e2b8b9a4140f86ca8
673c980b1e4ed575ab050751b319cefe,673c980b1e4ed575ab050751b319cefe
0b5e89dc95cfd7c89a61aeddf100913b,0b5e89dc95cfd7c89a61aeddf100913b
3cdc8f831d154598c59a5269b158097f,3cdc8f831d154598c59a5269b158097f
6eb5fdc7a80cb6b551b7aee3242ea9e4,6eb5fdc7a80cb6b551b7aee3242ea9e4
5e07abeca7833ccbaed0f1e94d48ab01,5e07abeca7833ccbaed0f1e94d48ab01
c161de738ef3ea425cab696c3c7db27c,c161de738ef3ea425cab696c3c7db27c
dc7bfff2cf0a8119b1b3ec0577062947,dc7bfff2cf0a8119b1b3ec0577062947
be926175be6111b3f8c9a9ff3e7fce58,be926175be6111b3f8c9a9ff3e7fce58
2efd789e4784715aac017bdccb664c0d,2efd789e4784715aac017bdccb664c0d
f12b72afda188a03d551abbaad02eae2,f12b72afda188a03d551abbaad02eae2
47fb436065c44d18d50c495cf6c85914,47fb436065c44d18d50c495cf6c85914
6e014cf57fb8418150b9efa033a8c384,6e014cf57fb8418150b9efa033a8c384
7fb39f66fa6ffa344a1b8997843d91d7,7fb39f66fa6ffa344a1b8997843d91d7
428b75a90397e7d8baea7c36361ce441,428b75a90397e7d8baea7c36361ce441
4b3df32b0bd1947e939c857913e9985e,4b3df32b0bd1947e939c857913e9985e
aece808435793f76f9eaf3638e9c3ba3,aece808435793f76f9eaf3638e9c3ba3
4f4f310f842260d914824f93da6269b0,4f4f310f842260d914824f93da6269b0
5d9c7e8815fe9a3b221aa0777328fb7d,5d9c7e8815fe9a3b221aa0777328fb7d
67b8741d3c58c15d30991419acf87a48,67b8741d3c58c15d30991419acf87a48
da6491ac2b6ef6fe3db50fd7cc041bbe,da6491ac2b6ef6fe3db50fd7cc041bbe
535221823d72d0000ea476584ffa997b,535221823d72d0000ea476584ffa997b
5eac2794ffe57d2e99a8998a60f88707,5eac2794ffe57d2e99a8998a60f88707
473abfe83dbdd28fc99205f894e7a00f,473abfe83dbdd28fc99205f894e7a00f
0ec6b169799f1920acbfdb4d2d9488b3,0ec6b169799f1920acbfdb4d2d9488b3
72e9e6b07a04ff1eea1a9030d7fca394,72e9e6b07a04ff1eea1a9030d7fca394
ab583285a1b19c7b72c939c89b2ad09e,ab583285a1b19c7b72c939c89b2ad09e
92845824d3d675c522c457467996899e,92845824d3d675c522c457467996899e
4adb5c73c86266a8aea52f7abba31f0a,4adb5c73c86266a8aea52f7abba31f0a
97711f849b9ed85ab222a78747101b96,97711f849b9ed85ab222a78747101b96
5647cef068d93464eeb82aa6b01088fd,5647cef068d93464eeb82aa6b01088fd
63e6970180b27f4ee44e76392203ac84,63e6970180b27f4ee44e76392203ac84
b0875f00a71a2392d72ecd475ca84e40,b0875f00a71a2392d72ecd475ca84e40
05c4f238dfbb121a24d69ac0be85095b,05c4f238dfbb121a24d69ac0be85095b
ce1dc6c2f0aff9cd48397d6002dd9b43,ce1dc6c2f0aff9cd48397d6002dd9b43
22637ad31c2c9bb302bbec46a46e0ea3,22637ad31c2c9bb302bbec46a46e0ea3
983f921fd9104b551a1a8009cc9635b8,983f921fd9104b551a1a8009cc9635b8
7735a017537673d28b072eb45893e711,7735a017537673d28b072eb45893e711
c8889c3f14caa2ad82528252cbdd0ad7,c8889c3f14caa2ad82528252cbdd0ad7
26150061c804c23f22d9a6d781fd1d4d,26150061c804c23f22d9a6d781fd1d4d
ed7a0e52cfe7b7b662870bb4793464d5,ed7a0e52cfe7b7b662870bb4793464d5
168dffc604b7ccd170cfb5a2846fe8ea,168dffc604b7ccd170cfb5a2846fe8ea
6bbc26de91027c5974ec529f1a45873f,6bbc26de91027c5974ec529f1a45873f
276ee2d941cd3f86cdcbbcabd238baf4,276ee2d941cd3f86cdcbbcabd238baf4
abb4f5fda7e6f2903779e87085309e8a,abb4f5fda7e6f2903779e87085309e8a
81a058ccabd76098fc3f365d020f2369,81a058ccabd76098fc3f365d020f2369
bd5063b04154992a24bcd5d65f2ec43e,bd5063b04154992a24bcd5d65f2ec43e
74e686fa0b830ee2dad3eb784db79ef2,74e686fa0b830ee2dad3eb784db79ef2
be9dd181a706d7fb27766b4dd24dc26e,be9dd181a706d7fb27766b4dd24dc26e
b18e6b288fd0a2603f246665aed00157,b18e6b288fd0a2603f246665aed00157
f9532a753acbd98b0080463d249c38e5,f9532a753acbd98b0080463d249c38e5
e7601fa368dc501ea8214e23319d5d8c,e7601fa368dc501ea8214e23319d5d8c
fb3c52368acd894ddab81582bc023d4a,fb3c52368acd894ddab81582bc023d4a
628ca226d18ea3df1c4b02882329b044,628ca226d18ea3df1c4b02882329b044
b9d023064c9d77b10c911cbf00d81093,b9d023064c9d77b10c911cbf00d81093
1e422bdd30f473fa91f9e8893b9f5e2e,1e422bdd30f473fa91f9e8893b9f5e2e
163a3401ef6aee3ec9e800d1489061d4,163a3401ef6aee3ec9e800d1489061d4
7aefa1e00c83bdf52d3a19f2118cbfbf,7aefa1e00c83bdf52d3a19f2118cbfbf
f2ba1eeb5a784b3ba60ff10a8592bfa8,f2ba1eeb5a784b3ba60ff10a8592bfa8
ac9255ec47aa8c76832587322ce76609,ac9255ec47aa8c76832587322ce76609
7a7b6a2a272dabf57c9464c202764959,7a7b6a2a272dabf57c9464c202764959
99519ceab0c9fb06239816d0414f8c40,99519ceab0c9fb06239816d0414f8c40
904dbe46f9c82f984a1357b884b0f924,904dbe46f9c82f984a1357b884b0f924
6dd08714bfa93f52e063708fdbd482e4,6dd08714bfa93f52e063708fdbd482e4
9848bcdc7108aa073185b24dfc567506,9848bcdc7108aa073185b24dfc567506
455f7e4c856aaa528759c45cd31767aa,455f7e4c856aaa528759c45cd31767aa
1577087c82680ac4ed3b79ef7462d6ce,1577087c82680ac4ed3b79ef7462d6ce
98ba452f331a9e0f726222e1e53f32dc,98ba452f331a9e0f726222e1e53f32dc
b45edfaf91df0eb4fa83e16926275a61,b45edfaf91df0eb4fa83e16926275a61
3d302e9adc4599951d762506034a59d9,3d302e9adc4599951d762506034a59d9
328d8cd9081e6361aed4d584738ec602,328d8cd9081e6361aed4d584738ec602
5c47eccb6962403ff359f5cccb2bef0b,5c47eccb6962403ff359f5cccb2bef0b
de92fb5a5936eb6f7cf5546c24fb6a99,de92fb5a5936eb6f7cf5546c24fb6a99
2c1f985fd710e342cddd188356a4a269,2c1f985fd710e342cddd188356a4a269
2c1341c65ffa56757e104de0b791d352,2c1341c65ffa56757e104de0b791d352
f6ec0892d3a1b8a0f9973514e79c88c9,f6ec0892d3a1b8a0f9973514e79c88c9
fb57f3f445880bd279186d54aea0d99f,fb57f3f445880bd279186d54aea0d99f
f87b6f8862a29df5f42e29c2468d2688,f87b6f8862a29df5f42e29c2468d2688
a6b684b0cbfd40d86f3c57aa291cd555,a6b684b0cbfd40d86f3c57aa291cd555
2cb0b3390fd0a423fcd12b19ff42687a,2cb0b3390fd0a423fcd12b19ff42687a
0909b9ff25b03757c46a611209f03f7a,0909b9ff25b03757c46a611209f03f7a
7cc48fb48b449dc580621787a9c9fa28,7cc48fb48b449dc580621787a9c9fa28
db225d8d1f0d466aaa23ed1168871c89,db225d8d1f0d466aaa23ed1168871c89
5a626659f507f6c4ef11a754cb589dea,5a626659f507f6c4ef11a754cb589dea
3f7cd5a8e73ad483873c543e3d236fd0,3f7cd5a8e73ad483873c543e3d236fd0
dfa913e8841df0ef0c184c84bb8851d7,dfa913e8841df0ef0c184c84bb8851d7
e5336aa839103313b464568c4e34a206,e5336aa839103313b464568c4e34a206
4398d97a34d41e4cb016598d6620c253,4398d97a34d41e4cb016598d6620c253
db600eb5d45708e2565583b5a97c28cb,db600eb5d45708e2565583b5a97c28cb
c543626c6f8b4b73014d91044ecbbf24,c543626c6f8b4b73014d91044ecbbf24
937955af452d94fd01d699483683cdba,937955af452d94fd01d699483683cdba
2eec4d39306bec7fc0e8e9b98fe086f8,2eec4d39306bec7fc0e8e9b98fe086f8
f112ce35c44537b53ad71f8a98335267,f112ce35c44537b53ad71f8a98335267
1bff87c305b2a9e3af62028ba3c12ac1,1bff87c305b2a9e3af62028ba3c12ac1
418818ce99ffff366bf38a6e4c7c1290,418818ce99ffff366bf38a6e4c7c1290
9d4f0b7c6b52ffff81e8e5c819e56ce0,9d4f0b7c6b52ffff81e8e5c819e56ce0
12eba027ec091e0288961cafbc96d556,12eba027ec091e0288961cafbc96d556
402879d71405577452df5a58de1d92a4,402879d71405577452df5a58de1d92a4
9e335bccfcb6736cebf09aeb3f6b5982,9e335bccfcb6736cebf09aeb3f6b5982
1bf558861c46377477bd839189b7a653,1bf558861c46377477bd839189b7a653
60d829d2134b03e7ceb8e28bd396d862,60d829d2134b03e7ceb8e28bd396d862
4021d28f0eaa4f63e36edc60160db3b3,4021d28f0eaa4f63e36edc60160db3b3
096486238e0d8bdf56d87ab4405c120f,096486238e0d8bdf56d87ab4405c120f
1041ad2478472d32719a145a2ff68254,1041ad2478472d32719a145a2ff68254
048c8c53bfbafa421ce6cf8b8386398c,048c8c53bfbafa421ce6cf8b8386398c
f69fb5e3549839b9ab8f96a70f14a385,f69fb5e3549839b9ab8f96a70f14a385
0a464a9c0bdfcca0751ab4953f38ed83,0a464a9c0bdfcca0751ab4953f38ed83
500f6dc440c382754937e71f6dc242b9,500f6dc440c382754937e71f6dc242b9
9b87e57d7ce7d4847efc65133f262b5e,9b87e57d7ce7d4847efc65133f262b5e
b576009859b958e45c645f138b77dfc5,b576009859b958e45c645f138b77dfc5
ac9aa19f58b239ccd13cb05df1eef0be,ac9aa19f58b239ccd13cb05df1eef0be
aecfd08710d56718feae2a2084fe9b10,aecfd08710d56718feae2a2084fe9b10
c870ee8d0b301c81e2675e4cdd2d51d2,c870ee8d0b301c81e2675e4cdd2d51d2
478f83505c9108eb19a44fe4a550377d,478f83505c9108eb19a44fe4a550377d
797b9db5c37478915e32f90fb1d7817e,797b9db5c37478915e32f90fb1d7817e
2b4d43564a30005d5e7faaa60d4044f0,2b4d43564a30005d5e7faaa60d4044f0
c551b60e18cb681f47b86231a2d5af2a,c551b60e18cb681f47b86231a2d5af2a
30ac8aaa134a6df260d339b9b98ba5d8,30ac8aaa134a6df260d339b9b98ba5d8
f0bb4eb06df16dda25b7a350a1bea880,f0bb4eb06df16dda25b7a350a1bea880
62fb27883425358373b7bb249d7176b5,62fb27883425358373b7bb249d7176b5
31832e28315f4b416350ce1c13b9d29e,31832e28315f4b416350ce1c13b9d29e
d48037798e0ac389f321b39bf0b0c445,d48037798e0ac389f321b39bf0b0c445
5b50fdcb1226f51b9cb84c9aa2c380f7,5b50fdcb1226f51b9cb84c9aa2c380f7
a4357d3b94bceb3c26607af8b9543bad,a4357d3b94bceb3c26607af8b9543bad
d375292c240b03b97d93d8d80afec909,d375292c240b03b97d93d8d80afec909
356c130acdd087e41c70efc9e0b9b2c8,356c130acdd087e41c70efc9e0b9b2c8
a8af8c7a2ef57418752d93e2b40ca32f,a8af8c7a2ef57418752d93e2b40ca32f
d2370308e02858824a1f11a3c5ecc91a,d2370308e02858824a1f11a3c5ecc91a
5b7dc5a149720fc5a4fdf2ffb6f91c7e,5b7dc5a149720fc5a4fdf2ffb6f91c7e
a8e79d96596cc9cdb001a51a229ba1db,a8e79d96596cc9cdb001a51a229ba1db
9bf25eeee92e5f4bd49099a21779ee1c,9bf25eeee92e5f4bd49099a21779ee1c
5a6db9fee2955cca2e82128362f3f30b,5a6db9fee2955cca2e82128362f3f30b
74c59acced9fd9edd350f90e558dad99,74c59acced9fd9edd350f90e558dad99
543591c97832f1c533ff3f8982043025,543591c97832f1c533ff3f8982043025
434a23c68c76cb6d669d5a7ffcd0e30f,434a23c68c76cb6d669d5a7ffcd0e30f
384c75a4939c53e22e5865aa0322f2d3,384c75a4939c53e22e5865aa0322f2d3
42d892aaa264b6439fbeebf59ce16cdc,42d892aaa264b6439fbeebf59ce16cdc
f2c23a7d0a8342a6c0b3fa402534fbc0,f2c23a7d0a8342a6c0b3fa402534fbc0
08b6c700d9fd06525ff96215d43781b0,08b6c700d9fd06525ff96215d43781b0
e3fd9bd469414dc1a5a256213a1de192,e3fd9bd469414dc1a5a256213a1de192
5fbb202ca3a016182c1ea14c01b20298,5fbb202ca3a016182c1ea14c01b20298
a4e6ae7be0ac3ede00adb452d46efcf9,a4e6ae7be0ac3ede00adb452d46efcf9
ce11c784b9952e8bd0840262bff494d8,ce11c784b9952e8bd0840262bff494d8
7c8860c1d5800097be34346eb9a80c72,7c8860c1d5800097be34346eb9a80c72
64251de5acdbc7a75bd41e00c2b1c6ca,64251de5acdbc7a75bd41e00c2b1c6ca
2e3464badb0bca69819d685d3d49332c,2e3464badb0bca69819d685d3d49332c
06a95aad3469895ebd738afd4df15d2a,06a95aad3469895ebd738afd4df15d2a
585b5662e4049caea7666e0f53d4b844,585b5662e4049caea7666e0f53d4b844
dc6b836033830a835fc2cd47e8fcfe7f,dc6b836033830a835fc2cd47e8fcfe7f
041c9d7937656c5d7637b0d81d2ca54a,041c9d7937656c5d7637b0d81d2ca54a
1f76d74c2df14478b7ce6859b1bdcdac,1f76d74c2df14478b7ce6859b1bdcdac
99afd51731f3706ea95da82eeb06be3c,99afd51731f3706ea95da82eeb06be3c
71f5920286b24aef9dd270ac90e9ec8d,71f5920286b24aef9dd270ac90e9ec8d
f4729ebea7ff30dcee549da74412a091,f4729ebea7ff30dcee549da74412a091
2d5ca7c79882883dde9a5158ccbc26ac,2d5ca7c79882883dde9a5158ccbc26ac
5e7b5b2a413882aeda622d8844dee081,5e7b5b2a413882aeda622d8844dee081
caa4ab4c939517b1e9f29b0e12e18210,caa4ab4c939517b1e9f29b0e12e18210
8d5264b75ba79b02e07f9fc22c080bbe,8d5264b75ba79b02e07f9fc22c080bbe
e47b34be148398aeeae09c2042fe0a85,e47b34be148398aeeae09c2042fe0a85
5d87a9398c9503ded0eb45340bad3e1a,5d87a9398c9503ded0eb45340bad3e1a
2a54f6d9ccbc5bd6fb3253426505f644,2a54f6d9ccbc5bd6fb3253426505f644
c19ddb6d181fdf0fd4c704259628bec9,c19ddb6d181fdf0fd4c704259628bec9
4836acbc2d9f7eb41d7dd47baeba3dbc,4836acbc2d9f7eb41d7dd47baeba3dbc
6a6f745f5bf7c6e499cc2b1335c966f2,6a6f745f5bf7c6e499cc2b1335c966f2
9a53d761f85c42a20ce175b6f25916c5,9a53d761f85c42a20ce175b6f25916c5
365c2cad482a5bb7769ee2246e377c34,365c2cad482a5bb7769ee2246e377c34
0b407b7f112ebde1abff9fb956605794,0b407b7f112ebde1abff9fb956605794
3cd1b8628a7605d68ab5114b1a6f2f0b,3cd1b8628a7605d68ab5114b1a6f2f0b
8eed0e2bdaf2fd18671c178d8342de12,8eed0e2bdaf2fd18671c178d8342de12
a0328aceffd828bb711091f3c2e5a78d,a0328aceffd828bb711091f3c2e5a78d
5ff4f8d352f5722b848bdd8157b7680a,5ff4f8d352f5722b848bdd8157b7680a
8c6018cfc3a1b774fc079df934fc2432,8c6018cfc3a1b774fc079df934fc2432
20858ef2f71d22c0bb8fa5dd35ee937b,20858ef2f71d22c0bb8fa5dd35ee937b
13f0b90c5516b986363e9185a130b0bc,13f0b90c5516b986363e9185a130b0bc
ce84d6b3a6d7e5baa99a9531df5687b6,ce84d6b3a6d7e5baa99a9531df5687b6
ba84d2cf35f8dd2b0d2a474036efa191,ba84d2cf35f8dd2b0d2a474036efa191
96fc6c7239093dac92bde0706397eaa2,96fc6c7239093dac92bde0706397eaa2
a15c2afbc92258f61008c067222050b5,a15c2afbc92258f61008c067222050b5
50d0ec84e409e59378313ef6d80c6bb6,50d0ec84e409e59378313ef6d80c6bb6
af4e42b857fa4a3ec7a8f693edbd5e12,af4e42b857fa4a3ec7a8f693edbd5e12
85e485bc47bb5405c837319140bdda6c,85e485bc47bb5405c837319140bdda6c
fc0d7dbc20c03a8d8519fa2a46743668,fc0d7dbc20c03a8d8519fa2a46743668
fa6a9e44087a79d3836812e805c9c812,fa6a9e44087a79d3836812e805c9c812
